<?xml version="1.0" encoding="utf-8"?>
<Stateflow>
  <machine id="15">
    <P Name="sfVersion">80000068</P>
    <Children>
      <target id="38" name="sfun">
        <P Name="description">Default Simulink S-Function Target.</P>
      </target>
      <chart Ref="chart_16"/>
      <chart Ref="chart_23"/>
      <chart Ref="chart_31"/>
    </Children>
  </machine>
  <instance id="22">
    <P Name="machine">15</P>
    <P Name="name">Trajectory generation
(Vision system)/Trajectory Space Frame/Find point on path/Circle/MATLAB Function2</P>
    <P Name="chart">16</P>
  </instance>
  <instance id="30">
    <P Name="machine">15</P>
    <P Name="name">Trajectory generation
(Vision system)/Space to Body</P>
    <P Name="chart">23</P>
  </instance>
  <instance id="37">
    <P Name="machine">15</P>
    <P Name="name">Trajectory generation
(Vision system)/Trajectory Space Frame/Find point on path/Line/MATLAB Function2</P>
    <P Name="chart">31</P>
  </instance>
</Stateflow>
