<?xml version="1.0" encoding="utf-8"?>
<GraphicalInterface>
  <P Name="NumRootInports">0</P>
  <P Name="NumRootOutports">3</P>
  <Outport Name="qsbOut">
    <P Name="BusObject"/>
    <P Name="BusOutputAsStruct">off</P>
    <P Name="SignalName">qsb</P>
    <P Name="UnitExpr">inherit</P>
    <P Name="OutportClientType">off</P>
  </Outport>
  <Outport Name="qsdOut">
    <P Name="BusObject"/>
    <P Name="BusOutputAsStruct">off</P>
    <P Name="UnitExpr">inherit</P>
    <P Name="OutportClientType">off</P>
  </Outport>
  <Outport Name="eOut">
    <P Name="BusObject"/>
    <P Name="BusOutputAsStruct">off</P>
    <P Name="UnitExpr">inherit</P>
    <P Name="OutportClientType">off</P>
  </Outport>
  <P Name="ParameterArgumentNames"/>
  <P Name="NumModelReferences">0</P>
  <P Name="NumTestPointedSignals">0</P>
  <P Name="NumProvidedFunctions">0</P>
  <P Name="NumRequiredFunctions">0</P>
  <P Name="NumResetEvents">0</P>
  <P Name="HasInitializeEvent">0</P>
  <P Name="HasTerminateEvent">0</P>
  <P Name="NumDataStoreReferences">0</P>
  <P Name="PreCompExecutionDomainType">Unset</P>
  <P Name="UseModelRefSolver">0</P>
  <P Name="SolverName">VariableStepAuto</P>
  <P Name="IsExportFunctionModel">0</P>
  <P Name="SimulinkSubDomainType">Simulink</P>
  <P Name="NumParameterArguments">0</P>
  <P Name="NumExternalFileReferences">5</P>
  <ExternalFileReference>
    <P Name="Reference">slpidlib/PID Controller</P>
    <P Name="Path">$bdroot/Controller/PID Controller</P>
    <P Name="SID">1217</P>
    <P Name="Type">LIBRARY_BLOCK</P>
  </ExternalFileReference>
  <ExternalFileReference>
    <P Name="Reference">slpidlib/PID Controller</P>
    <P Name="Path">$bdroot/Controller/PID Controller1</P>
    <P Name="SID">1206</P>
    <P Name="Type">LIBRARY_BLOCK</P>
  </ExternalFileReference>
  <ExternalFileReference>
    <P Name="Reference">slpidlib/PID Controller</P>
    <P Name="Path">$bdroot/Controller/PID Controller2</P>
    <P Name="SID">1216</P>
    <P Name="Type">LIBRARY_BLOCK</P>
  </ExternalFileReference>
  <ExternalFileReference>
    <P Name="Reference">robotcorelib/Coordinate Transformation Conversion</P>
    <P Name="Path">$bdroot/Trajectory generation (Vision system)/Coordinate Transformation Conversion</P>
    <P Name="SID">1047</P>
    <P Name="Type">LIBRARY_BLOCK</P>
  </ExternalFileReference>
  <ExternalFileReference>
    <P Name="Reference">robotmobilelib/Differential Drive Kinematic Model</P>
    <P Name="Path">$bdroot/Turtlebot/Differential Drive Kinematic Model</P>
    <P Name="SID">1163</P>
    <P Name="Type">LIBRARY_BLOCK</P>
  </ExternalFileReference>
  <P Name="OrderedModelArguments">1</P>
</GraphicalInterface>
