<?xml version="1.0" encoding="UTF-8"?>
<sltp_editor version="1.1" packageUris="http://schema.mathworks.com/mf0/DiagramEditor/R2019a_20181107 http://schema.mathworks.com/mf0/SltpSyntax/R2023b_202303220000">
  <sltp.mm.syntax.Context type="sltp.mm.syntax.Context" uuid="20dc8e00-e5db-4ba2-930d-fb200eb49fdc">
    <globalData type="sltp.mm.syntax.GlobalData" uuid="2e6e1dc1-3c21-425d-a909-3bf158797356">
      <dataName>porteOut</dataName>
      <type>RootOutport</type>
    </globalData>
    <globalData type="sltp.mm.syntax.GlobalData" uuid="a155c43a-1e24-468e-af2b-14bdb5384b8e">
      <dataName>portqOut</dataName>
      <type>RootOutport</type>
    </globalData>
    <globalData type="sltp.mm.syntax.GlobalData" uuid="262b57b1-94ae-4a13-8c83-28de868ffae9">
      <dataName>portqOut1</dataName>
      <type>RootOutport</type>
    </globalData>
    <globalData type="sltp.mm.syntax.GlobalData" uuid="b8996f24-91d1-40fc-a1a7-6a55cbd6d8ed">
      <dataName>portqOut2</dataName>
      <type>RootOutport</type>
    </globalData>
    <globalData type="sltp.mm.syntax.GlobalData" uuid="66f4af5c-d1b4-436e-b9fb-17b228aa4477">
      <dataName>portqdOut</dataName>
      <type>RootOutport</type>
    </globalData>
    <globalData type="sltp.mm.syntax.GlobalData" uuid="52682b48-3deb-470e-a84f-3037b553ece8">
      <dataName>portqsbOut</dataName>
      <type>RootOutport</type>
    </globalData>
    <globalData type="sltp.mm.syntax.GlobalData" uuid="4dd900a0-85d6-4046-96ab-fb2e1f12c1b1">
      <dataName>portqsdOut</dataName>
      <type>RootOutport</type>
    </globalData>
    <rootGraph type="sltp.mm.syntax.Graph" uuid="84c33d9c-247d-48a2-b7cd-264b26e58866">
      <children type="sltp.mm.syntax.Node" uuid="b8ea18ce-32d6-4044-b513-54dd35c4c22f">
        <priority>40</priority>
        <rates type="sltp.mm.syntax.RateData">
          <color>#000000</color>
          <hasBlocks>true</hasBlocks>
          <rate>0</rate>
          <title>Cont</title>
        </rates>
        <rates type="sltp.mm.syntax.RateData">
          <color>#7d7d7d</color>
          <hasBlocks>true</hasBlocks>
          <rate>[0, 1]</rate>
          <title>FiM</title>
        </rates>
        <title>Cont</title>
        <type>base</type>
        <diagramElement type="diagram.editor.model.Entity" uuid="c180bbc0-3316-4b5d-ada6-542abe6c3875"/>
        <subgraph type="sltp.mm.syntax.Graph" uuid="f1f264e3-b30d-41bd-91bd-067f0707bc62">
          <title>Cont</title>
          <diagramElement type="diagram.editor.model.Diagram" uuid="47d39ab8-1021-4e64-bc0b-9f5d17bf2094"/>
        </subgraph>
      </children>
      <title>Default</title>
      <diagramElement type="diagram.editor.model.Diagram" uuid="7cbaad6a-f060-49fb-a3cb-a251878007c0"/>
    </rootGraph>
  </sltp.mm.syntax.Context>
  <diagram.editor.model.Diagram type="diagram.editor.model.Diagram" uuid="7cbaad6a-f060-49fb-a3cb-a251878007c0">
    <entities type="diagram.editor.model.Entity" uuid="c180bbc0-3316-4b5d-ada6-542abe6c3875">
      <position>0,0</position>
      <size>0,0,0,0</size>
      <syntaxElement type="sltp.mm.syntax.Node" uuid="b8ea18ce-32d6-4044-b513-54dd35c4c22f"/>
      <title>Cont</title>
      <type>base</type>
      <subDiagram type="diagram.editor.model.Diagram" uuid="47d39ab8-1021-4e64-bc0b-9f5d17bf2094">
        <position>0,0</position>
        <syntaxElement type="sltp.mm.syntax.Graph" uuid="f1f264e3-b30d-41bd-91bd-067f0707bc62"/>
        <title>Cont</title>
        <type>graph.Graph</type>
      </subDiagram>
    </entities>
    <syntaxElement type="sltp.mm.syntax.Graph" uuid="84c33d9c-247d-48a2-b7cd-264b26e58866"/>
    <title>Default</title>
    <type>graph.Graph</type>
  </diagram.editor.model.Diagram>
</sltp_editor>