<?xml version="1.0" encoding="UTF-8" standalone="yes" ?>
<cp:coreProperties xmlns:cp="http://schemas.openxmlformats.org/package/2006/metadata/core-properties" xmlns:dc="http://purl.org/dc/elements/1.1/" xmlns:dcmitype="http://purl.org/dc/dcmitype/" xmlns:dcterms="http://purl.org/dc/terms/" xmlns:xsi="http://www.w3.org/2001/XMLSchema-instance">
  <cp:category>model</cp:category>
  <dcterms:created xsi:type="dcterms:W3CDTF">2024-03-08T13:47:28Z</dcterms:created>
  <dc:creator>tpoggi</dc:creator>
  <cp:lastModifiedBy>jonpe</cp:lastModifiedBy>
  <dcterms:modified xsi:type="dcterms:W3CDTF">2024-05-24T09:05:34Z</dcterms:modified>
  <cp:revision>1.28</cp:revision>
  <cp:version>R2023b</cp:version>
</cp:coreProperties>
