<?xml version="1.0" encoding="utf-8"?>
<System>
  <P Name="Location">[-1, -7, 1537, 817]</P>
  <Block BlockType="Inport" Name="q" SID="1052">
    <P Name="Position">[-140, 48, -110, 62]</P>
    <P Name="ZOrder">428</P>
    <PortProperties>
      <Port Type="out" Index="1">
        <P Name="PropagatedSignals">qsb</P>
      </Port>
    </PortProperties>
  </Block>
  <Block BlockType="Demux" Name="Demux1" SID="1053">
    <PortCounts in="1" out="3"/>
    <P Name="Position">[-70, -2, -65, 112]</P>
    <P Name="ZOrder">440</P>
    <P Name="Outputs">3</P>
    <PortProperties>
      <Port Type="out" Index="1">
        <P Name="Name">x</P>
      </Port>
      <Port Type="out" Index="2">
        <P Name="Name">y</P>
      </Port>
      <Port Type="out" Index="3">
        <P Name="Name">phi</P>
      </Port>
    </PortProperties>
  </Block>
  <Block BlockType="SubSystem" Name="Distance from path" SID="1054">
    <PortCounts in="1" out="1"/>
    <P Name="Position">[230, -161, 350, -59]</P>
    <P Name="ZOrder">445</P>
    <P Name="Variant">on</P>
    <P Name="VariantControlMode">label</P>
    <P Name="VariantControl">Circle</P>
    <P Name="LabelModeActiveChoice">Circle</P>
    <P Name="ContentPreviewEnabled">on</P>
    <Mask>
      <Display RunInitForIconRedraw="off"/>
      <MaskParameter Name="PathType" Type="promote" Evaluate="off" Tunable="off">
        <Prompt>Type of path</Prompt>
        <Value>Circle</Value>
        <Alias>OverrideUsingVariant</Alias>
        <TypeOptions>
          <Option>LabelModeActiveChoice</Option>
        </TypeOptions>
      </MaskParameter>
      <MaskParameter Name="xc" Type="promote">
        <Prompt>Centre x coord</Prompt>
        <Value>xc</Value>
        <Alias>constvalxc</Alias>
        <TypeOptions>
          <Option>Circle/xc/Value</Option>
        </TypeOptions>
      </MaskParameter>
      <MaskParameter Name="yc" Type="promote">
        <Prompt>Centre y coord</Prompt>
        <Value>yc</Value>
        <Alias>constvalyc</Alias>
        <TypeOptions>
          <Option>Circle/yc/Value</Option>
        </TypeOptions>
      </MaskParameter>
      <MaskParameter Name="r" Type="promote">
        <Prompt>Radius</Prompt>
        <Value>r</Value>
        <Alias>constvalr</Alias>
        <TypeOptions>
          <Option>Circle/r/Value</Option>
        </TypeOptions>
      </MaskParameter>
      <MaskParameter Name="m" Type="promote">
        <Prompt>m:</Prompt>
        <Value>m</Value>
        <Alias>constvalm</Alias>
        <TypeOptions>
          <Option>Line/m/Value</Option>
        </TypeOptions>
      </MaskParameter>
      <MaskParameter Name="c" Type="promote">
        <Prompt>c:</Prompt>
        <Value>c</Value>
        <Alias>constvalc</Alias>
        <TypeOptions>
          <Option>Line/c/Value</Option>
        </TypeOptions>
      </MaskParameter>
      <DialogControl Type="Group" Name="DescGroupVar">
        <Prompt>%&lt;MaskType&gt;</Prompt>
        <DialogControl Type="Text" Name="DescTextVar">
          <Prompt>%&lt;MaskDescription&gt;</Prompt>
        </DialogControl>
      </DialogControl>
      <DialogControl Type="Group" Name="ParameterGroupVar">
        <Prompt>Parameters</Prompt>
        <DialogControl Type="Popup" Name="PathType">
          <Prompt>Type of path</Prompt>
          <ControlOptions PromptLocation="left"/>
        </DialogControl>
        <DialogControl Type="Group" Name="Container4">
          <Prompt>Circle parameters</Prompt>
          <DialogControl Type="Edit" Name="xc">
            <Prompt>Centre x coord</Prompt>
            <ControlOptions PromptLocation="left"/>
          </DialogControl>
          <DialogControl Type="Edit" Name="yc">
            <Prompt>Centre y coord</Prompt>
            <ControlOptions Row="current" PromptLocation="left"/>
          </DialogControl>
          <DialogControl Type="Edit" Name="r">
            <Prompt>Radius</Prompt>
            <ControlOptions PromptLocation="left"/>
          </DialogControl>
        </DialogControl>
        <DialogControl Type="Group" Name="Container3">
          <Prompt>Line parameters</Prompt>
          <DialogControl Type="Edit" Name="m">
            <Prompt>m:</Prompt>
            <ControlOptions PromptLocation="left"/>
          </DialogControl>
          <DialogControl Type="Edit" Name="c">
            <Prompt>c:</Prompt>
            <ControlOptions Row="current" PromptLocation="left"/>
          </DialogControl>
        </DialogControl>
      </DialogControl>
    </Mask>
    <System Ref="system_1054"/>
  </Block>
  <Block BlockType="SubSystem" Name="Find point on path" SID="1085">
    <PortCounts in="1" out="2"/>
    <P Name="Position">[230, 4, 350, 106]</P>
    <P Name="ZOrder">444</P>
    <P Name="Variant">on</P>
    <P Name="VariantControlMode">label</P>
    <P Name="VariantControl">Circle</P>
    <P Name="LabelModeActiveChoice">Circle</P>
    <P Name="ContentPreviewEnabled">on</P>
    <Mask>
      <Type>Paths</Type>
      <Display RunInitForIconRedraw="off"/>
      <Description>Two option are available:
1) Straight line:
y=mx+c

2) Circle:
(x-xc)^2 + (y-yc)^2 = r </Description>
      <MaskParameter Name="PathType" Type="promote" Evaluate="off" Tunable="off">
        <Prompt>Type of path</Prompt>
        <Value>Circle</Value>
        <Alias>OverrideUsingVariant</Alias>
        <TypeOptions>
          <Option>LabelModeActiveChoice</Option>
        </TypeOptions>
      </MaskParameter>
      <MaskParameter Name="xc" Type="promote">
        <Prompt>Centre x coord:</Prompt>
        <Value>xc</Value>
        <Alias>constvalxc</Alias>
        <TypeOptions>
          <Option>Circle/xc/Value</Option>
        </TypeOptions>
      </MaskParameter>
      <MaskParameter Name="yc" Type="promote">
        <Prompt>Centre y coord</Prompt>
        <Value>yc</Value>
        <Alias>constvalyc</Alias>
        <TypeOptions>
          <Option>Circle/yc/Value</Option>
        </TypeOptions>
      </MaskParameter>
      <MaskParameter Name="r" Type="promote">
        <Prompt>Radius</Prompt>
        <Value>r</Value>
        <Alias>K</Alias>
        <TypeOptions>
          <Option>Circle/rx/Gain</Option>
          <Option>Circle/ry/Gain</Option>
        </TypeOptions>
      </MaskParameter>
      <MaskParameter Name="m" Type="promote">
        <Prompt>m:</Prompt>
        <Value>m</Value>
        <Alias>constval</Alias>
        <TypeOptions>
          <Option>Line/m/Value</Option>
        </TypeOptions>
      </MaskParameter>
      <MaskParameter Name="c" Type="promote">
        <Prompt>c:</Prompt>
        <Value>c</Value>
        <TypeOptions>
          <Option>Line/c/Value</Option>
        </TypeOptions>
      </MaskParameter>
      <DialogControl Type="Group" Name="DescGroupVar">
        <Prompt>%&lt;MaskType&gt;</Prompt>
        <DialogControl Type="Text" Name="DescTextVar">
          <Prompt>%&lt;MaskDescription&gt;</Prompt>
        </DialogControl>
      </DialogControl>
      <DialogControl Type="Group" Name="ParameterGroupVar">
        <Prompt>Parameters</Prompt>
        <DialogControl Type="Popup" Name="PathType">
          <Prompt>Type of path</Prompt>
          <ControlOptions PromptLocation="left"/>
        </DialogControl>
        <DialogControl Type="Group" Name="Container4">
          <Prompt>Circle parameters</Prompt>
          <DialogControl Type="Edit" Name="xc">
            <Prompt>Centre x coord:</Prompt>
            <ControlOptions PromptLocation="left"/>
          </DialogControl>
          <DialogControl Type="Edit" Name="yc">
            <Prompt>Centre y coord</Prompt>
            <ControlOptions Row="current" PromptLocation="left"/>
          </DialogControl>
          <DialogControl Type="Edit" Name="r">
            <Prompt>Radius</Prompt>
            <ControlOptions PromptLocation="left"/>
          </DialogControl>
        </DialogControl>
        <DialogControl Type="Group" Name="Container3">
          <Prompt>Line parameters</Prompt>
          <DialogControl Type="Edit" Name="m">
            <Prompt>m:</Prompt>
            <ControlOptions PromptLocation="left"/>
          </DialogControl>
          <DialogControl Type="Edit" Name="c">
            <Prompt>c:</Prompt>
            <ControlOptions Row="current" PromptLocation="left"/>
          </DialogControl>
        </DialogControl>
      </DialogControl>
    </Mask>
    <PortProperties>
      <Port Type="out" Index="2">
        <P Name="PropagatedSignals">Xsd</P>
      </Port>
    </PortProperties>
    <System Ref="system_1085"/>
  </Block>
  <Block BlockType="SubSystem" Name="Reference Point" SID="1135">
    <PortCounts in="3" out="1"/>
    <P Name="Position">[60, -3, 145, 113]</P>
    <P Name="ZOrder">441</P>
    <P Name="ContentPreviewEnabled">on</P>
    <System Ref="system_1135"/>
  </Block>
  <Block BlockType="Selector" Name="Selector" SID="1150">
    <PortCounts in="1" out="1"/>
    <P Name="Position">[60, -129, 100, -91]</P>
    <P Name="ZOrder">446</P>
    <P Name="InputPortWidth">3</P>
    <P Name="IndexOptions">Index vector (dialog)</P>
    <P Name="Indices">[1 2]</P>
    <P Name="OutputSizes">1</P>
  </Block>
  <Block BlockType="Outport" Name="qd" SID="1151">
    <P Name="Position">[515, 23, 545, 37]</P>
    <P Name="ZOrder">311</P>
  </Block>
  <Block BlockType="Outport" Name="e" SID="1152">
    <P Name="Position">[515, -117, 545, -103]</P>
    <P Name="ZOrder">447</P>
    <P Name="Port">2</P>
  </Block>
  <Block BlockType="Outport" Name="Xsd" SID="1153">
    <P Name="Position">[515, 73, 545, 87]</P>
    <P Name="ZOrder">320</P>
    <P Name="Port">3</P>
  </Block>
  <Line>
    <P Name="Name">y</P>
    <P Name="ZOrder">1</P>
    <P Name="Labels">[1, 1]</P>
    <P Name="Src">1053#out:2</P>
    <P Name="Dst">1135#in:2</P>
  </Line>
  <Line>
    <P Name="ZOrder">2</P>
    <P Name="Src">1052#out:1</P>
    <P Name="Points">[11, 0]</P>
    <Branch>
      <P Name="ZOrder">3</P>
      <P Name="Points">[0, -165]</P>
      <P Name="Dst">1150#in:1</P>
    </Branch>
    <Branch>
      <P Name="ZOrder">4</P>
      <P Name="Dst">1053#in:1</P>
    </Branch>
  </Line>
  <Line>
    <P Name="Name">phi</P>
    <P Name="ZOrder">5</P>
    <P Name="Labels">[1, 0]</P>
    <P Name="Src">1053#out:3</P>
    <P Name="Dst">1135#in:3</P>
  </Line>
  <Line>
    <P Name="Name">x</P>
    <P Name="ZOrder">6</P>
    <P Name="Labels">[1, 1]</P>
    <P Name="Src">1053#out:1</P>
    <P Name="Dst">1135#in:1</P>
  </Line>
  <Line>
    <P Name="ZOrder">7</P>
    <P Name="Src">1135#out:1</P>
    <P Name="Dst">1085#in:1</P>
  </Line>
  <Line>
    <P Name="ZOrder">8</P>
    <P Name="Src">1085#out:1</P>
    <P Name="Dst">1151#in:1</P>
  </Line>
  <Line>
    <P Name="ZOrder">9</P>
    <P Name="Src">1085#out:2</P>
    <P Name="Dst">1153#in:1</P>
  </Line>
  <Line>
    <P Name="ZOrder">10</P>
    <P Name="Src">1150#out:1</P>
    <P Name="Dst">1054#in:1</P>
  </Line>
  <Line>
    <P Name="ZOrder">11</P>
    <P Name="Src">1054#out:1</P>
    <P Name="Dst">1152#in:1</P>
  </Line>
</System>
