<?xml version="1.0" encoding="utf-8"?>
<System>
  <P Name="Location">[-1, -8, 1921, 1041]</P>
  <Block BlockType="Inport" Name="xy" SID="1057">
    <P Name="Position">[-105, 53, -75, 67]</P>
    <P Name="ZOrder">440</P>
  </Block>
  <Block BlockType="Sum" Name="Add" SID="1058">
    <PortCounts in="2" out="1"/>
    <P Name="Position">[370, 72, 400, 103]</P>
    <P Name="ZOrder">446</P>
    <P Name="IconShape">rectangular</P>
    <P Name="Inputs">+-</P>
  </Block>
  <Block BlockType="Sum" Name="Add1" SID="1059">
    <PortCounts in="2" out="1"/>
    <P Name="Position">[-5, 52, 25, 83]</P>
    <P Name="ZOrder">449</P>
    <P Name="IconShape">rectangular</P>
    <P Name="Inputs">+-</P>
  </Block>
  <Block BlockType="Product" Name="Matrix Multiply" SID="1060">
    <PortCounts in="2" out="1"/>
    <P Name="Position">[195, 62, 240, 98]</P>
    <P Name="ZOrder">444</P>
    <P Name="Multiplication">Matrix(*)</P>
  </Block>
  <Block BlockType="Mux" Name="Mux" SID="1061">
    <PortCounts in="2" out="1"/>
    <P Name="Position">[-40, 133, -35, 222]</P>
    <P Name="ZOrder">451</P>
    <P Name="Inputs">2</P>
    <P Name="DisplayOption">bar</P>
  </Block>
  <Block BlockType="Sqrt" Name="Sqrt" SID="1062">
    <P Name="Position">[290, 65, 320, 95]</P>
    <P Name="ZOrder">445</P>
  </Block>
  <Block BlockType="Math" Name="Transpose" SID="1063">
    <PortCounts in="1" out="1"/>
    <P Name="Position">[110, 54, 140, 86]</P>
    <P Name="ZOrder">443</P>
    <P Name="Operator">transpose</P>
  </Block>
  <Block BlockType="Constant" Name="r" SID="1064">
    <P Name="Position">[290, 135, 320, 165]</P>
    <P Name="ZOrder">447</P>
    <P Name="Value">r</P>
  </Block>
  <Block BlockType="Constant" Name="xc" SID="1065">
    <P Name="Position">[-105, 140, -75, 170]</P>
    <P Name="ZOrder">450</P>
    <P Name="Value">xc</P>
  </Block>
  <Block BlockType="Constant" Name="yc" SID="1066">
    <P Name="Position">[-105, 185, -75, 215]</P>
    <P Name="ZOrder">452</P>
    <P Name="Value">yc</P>
  </Block>
  <Block BlockType="Outport" Name="e" SID="1067">
    <P Name="Position">[495, 83, 525, 97]</P>
    <P Name="ZOrder">441</P>
  </Block>
  <Line>
    <P Name="ZOrder">1</P>
    <P Name="Src">1057#out:1</P>
    <P Name="Dst">1059#in:1</P>
  </Line>
  <Line>
    <P Name="ZOrder">2</P>
    <P Name="Src">1063#out:1</P>
    <P Name="Dst">1060#in:1</P>
  </Line>
  <Line>
    <P Name="ZOrder">3</P>
    <P Name="Src">1060#out:1</P>
    <P Name="Dst">1062#in:1</P>
  </Line>
  <Line>
    <P Name="ZOrder">4</P>
    <P Name="Src">1062#out:1</P>
    <P Name="Dst">1058#in:1</P>
  </Line>
  <Line>
    <P Name="ZOrder">5</P>
    <P Name="Src">1064#out:1</P>
    <P Name="Points">[20, 0; 0, -55]</P>
    <P Name="Dst">1058#in:2</P>
  </Line>
  <Line>
    <P Name="ZOrder">6</P>
    <P Name="Src">1058#out:1</P>
    <P Name="Dst">1067#in:1</P>
  </Line>
  <Line>
    <P Name="ZOrder">7</P>
    <P Name="Src">1059#out:1</P>
    <P Name="Points">[43, 0]</P>
    <Branch>
      <P Name="ZOrder">8</P>
      <P Name="Points">[0, 20]</P>
      <P Name="Dst">1060#in:2</P>
    </Branch>
    <Branch>
      <P Name="ZOrder">9</P>
      <P Name="Dst">1063#in:1</P>
    </Branch>
  </Line>
  <Line>
    <P Name="ZOrder">10</P>
    <P Name="Src">1065#out:1</P>
    <P Name="Dst">1061#in:1</P>
  </Line>
  <Line>
    <P Name="ZOrder">11</P>
    <P Name="Src">1066#out:1</P>
    <P Name="Dst">1061#in:2</P>
  </Line>
  <Line>
    <P Name="ZOrder">12</P>
    <P Name="Src">1061#out:1</P>
    <P Name="Points">[10, 0]</P>
    <P Name="Dst">1059#in:2</P>
  </Line>
  <Annotation SID="1068">
    <P Name="Name">&lt;!DOCTYPE HTML PUBLIC &quot;-//W3C//DTD HTML 4.0//EN&quot; &quot;http://www.w3.org/TR/REC-html40/strict.dtd&quot;&gt;
&lt;html&gt;&lt;head&gt;&lt;meta name=&quot;qrichtext&quot; content=&quot;1&quot; /&gt;&lt;style type=&quot;text/css&quot;&gt;
p, li { white-space: pre-wrap; }
&lt;/style&gt;&lt;/head&gt;&lt;body align=&quot;left&quot; style=&quot; font-family:&apos;Helvetica&apos;; font-size:10px; font-weight:400; font-style:normal;&quot;&gt;
&lt;p align=&quot;left&quot; style=&quot; margin-top:0px; margin-bottom:0px; margin-left:0px; margin-right:0px; -qt-block-indent:0; text-indent:0px;&quot;&gt;&lt;span style=&quot; font-size:14px;&quot;&gt;Calculate the distance pof the point from the path (circle)&lt;/span&gt;&lt;/p&gt;&lt;/body&gt;&lt;/html&gt;</P>
    <P Name="Position">[31, -4, 383, 14]</P>
    <P Name="InternalMargins">[0, 0, 0, 0]</P>
    <P Name="Interpreter">rich</P>
    <P Name="ZOrder">-1</P>
  </Annotation>
</System>
