<?xml version="1.0" encoding="utf-8"?>
<System>
  <P Name="Location">[-1, -7, 1537, 817]</P>
  <Block BlockType="Inport" Name="P" SID="1109">
    <P Name="Position">[10, 63, 40, 77]</P>
    <P Name="ZOrder">440</P>
  </Block>
  <Block BlockType="Constant" Name="1" SID="1110">
    <P Name="Position">[85, 205, 115, 235]</P>
    <P Name="ZOrder">446</P>
  </Block>
  <Block BlockType="Trigonometry" Name="Atan" SID="1111">
    <PortCounts in="1" out="1"/>
    <P Name="Position">[465, 340, 495, 370]</P>
    <P Name="ZOrder">456</P>
    <P Name="Operator">atan</P>
    <PortProperties>
      <Port Type="out" Index="1">
        <P Name="Name">phi</P>
      </Port>
    </PortProperties>
  </Block>
  <Block BlockType="Demux" Name="Demux" SID="1112">
    <PortCounts in="1" out="2"/>
    <P Name="Position">[100, 30, 105, 110]</P>
    <P Name="ZOrder">429</P>
    <P Name="Outputs">2</P>
    <PortProperties>
      <Port Type="out" Index="1">
        <P Name="Name">x</P>
      </Port>
      <Port Type="out" Index="2">
        <P Name="Name">y</P>
      </Port>
    </PortProperties>
  </Block>
  <Block BlockType="Demux" Name="Demux1" SID="1113">
    <PortCounts in="1" out="2"/>
    <P Name="Position">[690, 145, 695, 205]</P>
    <P Name="ZOrder">455</P>
    <P Name="Outputs">2</P>
    <PortProperties>
      <Port Type="out" Index="1">
        <P Name="Name">x_b</P>
      </Port>
      <Port Type="out" Index="2">
        <P Name="Name">y_b</P>
      </Port>
    </PortProperties>
  </Block>
  <Block BlockType="Product" Name="Divide" SID="1114">
    <PortCounts in="2" out="1"/>
    <P Name="Position">[530, 147, 560, 178]</P>
    <P Name="ZOrder">453</P>
    <P Name="Inputs">*/</P>
  </Block>
  <Block BlockType="SubSystem" Name="MATLAB Function2" SID="1115">
    <PortCounts in="1" out="1"/>
    <P Name="Position">[915, 255, 985, 305]</P>
    <P Name="ZOrder">406</P>
    <P Name="ErrorFcn">Stateflow.Translate.translate</P>
    <P Name="PermitHierarchicalResolution">ExplicitOnly</P>
    <P Name="TreatAsAtomicUnit">on</P>
    <P Name="SFBlockType">MATLAB Function</P>
    <P Name="ContentPreviewEnabled">on</P>
    <PortProperties>
      <Port Type="out" Index="1">
        <P Name="PropagatedSignals">Xsd</P>
      </Port>
    </PortProperties>
    <System Ref="system_1115"/>
  </Block>
  <Block BlockType="Mux" Name="Mux" SID="1116">
    <PortCounts in="3" out="1"/>
    <P Name="Position">[785, 141, 790, 239]</P>
    <P Name="ZOrder">439</P>
    <P Name="Inputs">3</P>
    <P Name="DisplayOption">bar</P>
  </Block>
  <Block BlockType="Mux" Name="Mux1" SID="1117">
    <PortCounts in="2" out="1"/>
    <P Name="Position">[270, 246, 275, 284]</P>
    <P Name="ZOrder">445</P>
    <P Name="Inputs">2</P>
    <P Name="DisplayOption">bar</P>
    <PortProperties>
      <Port Type="out" Index="1">
        <P Name="Name">s</P>
      </Port>
    </PortProperties>
  </Block>
  <Block BlockType="Mux" Name="Mux2" SID="1118">
    <PortCounts in="2" out="1"/>
    <P Name="Position">[235, 41, 240, 79]</P>
    <P Name="ZOrder">448</P>
    <P Name="Inputs">2</P>
    <P Name="DisplayOption">bar</P>
    <PortProperties>
      <Port Type="out" Index="1">
        <P Name="Name">p_</P>
      </Port>
    </PortProperties>
  </Block>
  <Block BlockType="Product" Name="Product" SID="1119">
    <PortCounts in="2" out="1"/>
    <P Name="Position">[425, 257, 475, 288]</P>
    <P Name="ZOrder">451</P>
    <P Name="Multiplication">Matrix(*)</P>
  </Block>
  <Block BlockType="Product" Name="Product1" SID="1120">
    <PortCounts in="2" out="1"/>
    <P Name="Position">[425, 52, 475, 83]</P>
    <P Name="ZOrder">452</P>
    <P Name="Multiplication">Matrix(*)</P>
  </Block>
  <Block BlockType="Product" Name="Product2" SID="1121">
    <PortCounts in="2" out="1"/>
    <P Name="Position">[605, 157, 655, 188]</P>
    <P Name="ZOrder">454</P>
    <PortProperties>
      <Port Type="out" Index="1">
        <P Name="Name">p&apos;</P>
      </Port>
    </PortProperties>
  </Block>
  <Block BlockType="Sum" Name="Sum" SID="1122">
    <PortCounts in="2" out="1"/>
    <P Name="Position">[150, 80, 170, 100]</P>
    <P Name="ZOrder">444</P>
    <P Name="Inputs">|+-</P>
  </Block>
  <Block BlockType="Sum" Name="Sum1" SID="1179">
    <PortCounts in="2" out="1"/>
    <P Name="Position">[745, 180, 765, 200]</P>
    <P Name="ZOrder">457</P>
    <P Name="Inputs">|++</P>
  </Block>
  <Block BlockType="Math" Name="Transpose" SID="1123">
    <PortCounts in="1" out="1"/>
    <P Name="Position">[350, 249, 380, 281]</P>
    <P Name="ZOrder">449</P>
    <P Name="Operator">transpose</P>
    <PortProperties>
      <Port Type="out" Index="1">
        <P Name="Name">s&apos;</P>
      </Port>
    </PortProperties>
  </Block>
  <Block BlockType="Math" Name="Transpose1" SID="1124">
    <PortCounts in="1" out="1"/>
    <P Name="Position">[280, 44, 310, 76]</P>
    <P Name="ZOrder">450</P>
    <P Name="Operator">transpose</P>
    <PortProperties>
      <Port Type="out" Index="1">
        <P Name="Name">p_&apos;</P>
      </Port>
    </PortProperties>
  </Block>
  <Block BlockType="Constant" Name="c" SID="1125">
    <P Name="Position">[85, 140, 115, 170]</P>
    <P Name="ZOrder">443</P>
    <P Name="Value">c</P>
  </Block>
  <Block BlockType="Constant" Name="m" SID="1126">
    <P Name="Position">[85, 260, 115, 290]</P>
    <P Name="ZOrder">447</P>
    <P Name="Value">m</P>
  </Block>
  <Block BlockType="Outport" Name="qd" SID="1127">
    <P Name="Position">[1070, 183, 1100, 197]</P>
    <P Name="ZOrder">441</P>
  </Block>
  <Block BlockType="Outport" Name="Xsd" SID="1128">
    <P Name="Position">[1070, 273, 1100, 287]</P>
    <P Name="ZOrder">442</P>
    <P Name="Port">2</P>
  </Block>
  <Line>
    <P Name="ZOrder">1</P>
    <P Name="Src">1116#out:1</P>
    <P Name="Points">[27, 0]</P>
    <Branch>
      <P Name="ZOrder">2</P>
      <P Name="Points">[0, 90]</P>
      <P Name="Dst">1115#in:1</P>
    </Branch>
    <Branch>
      <P Name="ZOrder">3</P>
      <P Name="Dst">1127#in:1</P>
    </Branch>
  </Line>
  <Line>
    <P Name="Name">y</P>
    <P Name="ZOrder">4</P>
    <P Name="Labels">[-1, 0]</P>
    <P Name="Src">1112#out:2</P>
    <P Name="Dst">1122#in:1</P>
  </Line>
  <Line>
    <P Name="Name">x</P>
    <P Name="ZOrder">5</P>
    <P Name="Labels">[1, 1]</P>
    <P Name="Src">1112#out:1</P>
    <P Name="Dst">1118#in:1</P>
  </Line>
  <Line>
    <P Name="ZOrder">6</P>
    <P Name="Src">1109#out:1</P>
    <P Name="Dst">1112#in:1</P>
  </Line>
  <Line>
    <P Name="ZOrder">7</P>
    <P Name="Src">1115#out:1</P>
    <P Name="Dst">1128#in:1</P>
  </Line>
  <Line>
    <P Name="Name">phi</P>
    <P Name="ZOrder">8</P>
    <P Name="Labels">[1, 1]</P>
    <P Name="Src">1111#out:1</P>
    <P Name="Points">[196, 0; 0, -135]</P>
    <P Name="Dst">1116#in:3</P>
  </Line>
  <Line>
    <P Name="ZOrder">9</P>
    <P Name="Src">1125#out:1</P>
    <P Name="Points">[40, 0]</P>
    <Branch>
      <P Name="ZOrder">33</P>
      <P Name="Points">[318, 0; 0, 83; 277, 0]</P>
      <P Name="Dst">1179#in:2</P>
    </Branch>
    <Branch>
      <P Name="ZOrder">32</P>
      <P Name="Dst">1122#in:2</P>
    </Branch>
  </Line>
  <Line>
    <P Name="ZOrder">10</P>
    <P Name="Src">1110#out:1</P>
    <P Name="Points">[90, 0; 0, 35]</P>
    <P Name="Dst">1117#in:1</P>
  </Line>
  <Line>
    <P Name="ZOrder">11</P>
    <P Name="Src">1126#out:1</P>
    <P Name="Points">[63, 0]</P>
    <Branch>
      <P Name="ZOrder">12</P>
      <P Name="Points">[0, 80]</P>
      <P Name="Dst">1111#in:1</P>
    </Branch>
    <Branch>
      <P Name="ZOrder">13</P>
      <P Name="Dst">1117#in:2</P>
    </Branch>
  </Line>
  <Line>
    <P Name="ZOrder">14</P>
    <P Name="Src">1122#out:1</P>
    <P Name="Points">[30, 0; 0, -20]</P>
    <P Name="Dst">1118#in:2</P>
  </Line>
  <Line>
    <P Name="Name">s</P>
    <P Name="ZOrder">15</P>
    <P Name="Labels">[1, 1]</P>
    <P Name="Src">1117#out:1</P>
    <P Name="Points">[34, 0]</P>
    <Branch>
      <P Name="ZOrder">16</P>
      <P Name="Points">[0, 40; 81, 0]</P>
      <Branch>
        <P Name="ZOrder">17</P>
        <P Name="Labels">[2, 1]</P>
        <P Name="Points">[188, 0; 0, -125]</P>
        <P Name="Dst">1121#in:2</P>
      </Branch>
      <Branch>
        <P Name="ZOrder">18</P>
        <P Name="Points">[0, -25]</P>
        <P Name="Dst">1119#in:2</P>
      </Branch>
    </Branch>
    <Branch>
      <P Name="ZOrder">19</P>
      <P Name="Labels">[1, 1]</P>
      <P Name="Points">[0, -190]</P>
      <P Name="Dst">1120#in:2</P>
    </Branch>
    <Branch>
      <P Name="ZOrder">20</P>
      <P Name="Dst">1123#in:1</P>
    </Branch>
  </Line>
  <Line>
    <P Name="Name">p_</P>
    <P Name="ZOrder">21</P>
    <P Name="Labels">[1, 1]</P>
    <P Name="Src">1118#out:1</P>
    <P Name="Dst">1124#in:1</P>
  </Line>
  <Line>
    <P Name="Name">s&apos;</P>
    <P Name="ZOrder">22</P>
    <P Name="Labels">[1, 1]</P>
    <P Name="Src">1123#out:1</P>
    <P Name="Dst">1119#in:1</P>
  </Line>
  <Line>
    <P Name="Name">p_&apos;</P>
    <P Name="ZOrder">23</P>
    <P Name="Labels">[1, 1]</P>
    <P Name="Src">1124#out:1</P>
    <P Name="Dst">1120#in:1</P>
  </Line>
  <Line>
    <P Name="ZOrder">24</P>
    <P Name="Src">1120#out:1</P>
    <P Name="Points">[23, 0; 0, 85]</P>
    <P Name="Dst">1114#in:1</P>
  </Line>
  <Line>
    <P Name="ZOrder">25</P>
    <P Name="Src">1119#out:1</P>
    <P Name="Points">[23, 0; 0, -105]</P>
    <P Name="Dst">1114#in:2</P>
  </Line>
  <Line>
    <P Name="ZOrder">26</P>
    <P Name="Src">1114#out:1</P>
    <P Name="Dst">1121#in:1</P>
  </Line>
  <Line>
    <P Name="Name">p&apos;</P>
    <P Name="ZOrder">27</P>
    <P Name="Labels">[1, 1]</P>
    <P Name="Src">1121#out:1</P>
    <P Name="Dst">1113#in:1</P>
  </Line>
  <Line>
    <P Name="Name">x_b</P>
    <P Name="ZOrder">28</P>
    <P Name="Labels">[1, 1]</P>
    <P Name="Src">1113#out:1</P>
    <P Name="Dst">1116#in:1</P>
  </Line>
  <Line>
    <P Name="Name">y_b</P>
    <P Name="ZOrder">30</P>
    <P Name="Labels">[1, 1]</P>
    <P Name="Src">1113#out:2</P>
    <P Name="Dst">1179#in:1</P>
  </Line>
  <Line>
    <P Name="ZOrder">31</P>
    <P Name="Src">1179#out:1</P>
    <P Name="Dst">1116#in:2</P>
  </Line>
  <Annotation SID="1132">
    <P Name="Name">&lt;!DOCTYPE HTML PUBLIC &apos;-//W3C//DTD HTML 4.0//EN&apos; &apos;http://www.w3.org/TR/REC-html40/strict.dtd&apos;&gt;
&lt;html&gt;
&lt;head&gt;
&lt;meta content=&quot;1&quot; name=&quot;qrichtext&quot;/&gt;
&lt;style type=&quot;text/css&quot;&gt;
p, li { white-space: pre-wrap; }
&lt;/style&gt;
&lt;/head&gt;
&lt;body style=&quot; font-family:&apos;Helvetica&apos;; font-size:10px; font-weight:400; font-style:normal;&quot; align=&quot;left&quot;&gt;
&lt;p style=&quot; margin-top:0px; margin-bottom:0px; margin-left:0px; margin-right:0px; -qt-block-indent:0; text-indent:0px;&quot; align=&quot;left&quot;&gt;
&lt;math style=&quot;font-size:14px;&quot;&gt;$p&apos;=\frac{\bar{p}^Ts}{s^Ts}s$&lt;/math&gt;
&lt;/p&gt;
&lt;/body&gt;
&lt;/html&gt;
</P>
    <P Name="Position">[590, 63, 660, 109]</P>
    <P Name="InternalMargins">[0, 0, 0, 0]</P>
    <P Name="Interpreter">rich</P>
    <P Name="ZOrder">-1</P>
  </Annotation>
  <Annotation SID="1131">
    <P Name="Name">&lt;!DOCTYPE HTML PUBLIC &apos;-//W3C//DTD HTML 4.0//EN&apos; &apos;http://www.w3.org/TR/REC-html40/strict.dtd&apos;&gt;
&lt;html&gt;
&lt;head&gt;
&lt;meta content=&quot;1&quot; name=&quot;qrichtext&quot;/&gt;
&lt;style type=&quot;text/css&quot;&gt;
p, li { white-space: pre-wrap; }
&lt;/style&gt;
&lt;/head&gt;
&lt;body style=&quot; font-family:&apos;Helvetica&apos;; font-size:10px; font-weight:400; font-style:normal;&quot; align=&quot;left&quot;&gt;
&lt;p style=&quot; margin-top:0px; margin-bottom:0px; margin-left:0px; margin-right:0px; -qt-block-indent:0; text-indent:0px;&quot; align=&quot;left&quot;&gt;
&lt;math style=&quot;font-size:10px;&quot;&gt;$\bar{p}^Ts$&lt;/math&gt;
&lt;/p&gt;
&lt;/body&gt;
&lt;/html&gt;
</P>
    <P Name="Position">[439, 14, 460, 31]</P>
    <P Name="InternalMargins">[0, 0, 0, 0]</P>
    <P Name="Interpreter">rich</P>
    <P Name="ZOrder">-2</P>
  </Annotation>
  <Annotation SID="1130">
    <P Name="Name">&lt;!DOCTYPE HTML PUBLIC &apos;-//W3C//DTD HTML 4.0//EN&apos; &apos;http://www.w3.org/TR/REC-html40/strict.dtd&apos;&gt;
&lt;html&gt;
&lt;head&gt;
&lt;meta content=&quot;1&quot; name=&quot;qrichtext&quot;/&gt;
&lt;style type=&quot;text/css&quot;&gt;
p, li { white-space: pre-wrap; }
&lt;/style&gt;
&lt;/head&gt;
&lt;body style=&quot; font-family:&apos;Helvetica&apos;; font-size:10px; font-weight:400; font-style:normal;&quot; align=&quot;left&quot;&gt;
&lt;p style=&quot; margin-top:0px; margin-bottom:0px; margin-left:0px; margin-right:0px; -qt-block-indent:0; text-indent:0px;&quot; align=&quot;left&quot;&gt;
&lt;span style=&quot; font-size:14px;&quot;&gt;This subsystem project a point p onto a line and find the corresponding frame &lt;/span&gt;
&lt;math style=&quot;font-size:14px;&quot;&gt;$(\hat{x}_b,\hat{y}_b)$&lt;/math&gt;
&lt;/p&gt;
&lt;p style=&quot; margin-top:0px; margin-bottom:0px; margin-left:0px; margin-right:0px; -qt-block-indent:0; text-indent:0px;&quot; align=&quot;left&quot;&gt;
&lt;span style=&quot; font-size:14px; vertical-align:bottom;&quot;&gt;such that:&lt;/span&gt;
&lt;/p&gt;
&lt;p style=&quot; margin-top:0px; margin-bottom:0px; margin-left:0px; margin-right:0px; -qt-block-indent:0; text-indent:0px;&quot; align=&quot;left&quot;&gt;
&lt;span style=&quot; font-size:14px; vertical-align:bottom;&quot;&gt;- &lt;/span&gt;
&lt;math style=&quot;font-size:14px;&quot;&gt;$\hat{x}_b$&lt;/math&gt;
&lt;span style=&quot; font-size:14px; vertical-align:bottom;&quot;&gt; is parallel to the line and point outward w.r.t the origin&lt;/span&gt;
&lt;/p&gt;
&lt;p style=&quot; margin-top:0px; margin-bottom:0px; margin-left:0px; margin-right:0px; -qt-block-indent:0; text-indent:0px;&quot; align=&quot;left&quot;&gt;
&lt;span style=&quot; font-size:14px; vertical-align:bottom;&quot;&gt;- &lt;/span&gt;
&lt;math style=&quot;font-size:14px;&quot;&gt;$\hat{y}_b$&lt;/math&gt;
&lt;span style=&quot; font-size:14px; vertical-align:bottom;&quot;&gt; is orthogonal to the line&lt;/span&gt;
&lt;/p&gt;
&lt;p style=&quot;-qt-paragraph-type:empty; margin-top:0px; margin-bottom:0px; margin-left:0px; margin-right:0px; -qt-block-indent:0; text-indent:0px; font-size:14px; vertical-align:bottom;&quot; align=&quot;left&quot;&gt;
&lt;br/&gt;
&lt;/p&gt;
&lt;p style=&quot; margin-top:0px; margin-bottom:0px; margin-left:0px; margin-right:0px; -qt-block-indent:0; text-indent:0px;&quot; align=&quot;left&quot;&gt;
&lt;span style=&quot; font-size:14px; vertical-align:bottom;&quot;&gt;Assuming that the line is &lt;/span&gt;
&lt;math style=&quot;font-size:14px;&quot;&gt;$y=mx+c$&lt;/math&gt;
&lt;span style=&quot; font-size:14px; vertical-align:bottom;&quot;&gt;, define:&lt;/span&gt;
&lt;/p&gt;
&lt;p style=&quot; margin-top:0px; margin-bottom:0px; margin-left:0px; margin-right:0px; -qt-block-indent:0; text-indent:0px;&quot; align=&quot;left&quot;&gt;
&lt;math style=&quot;font-size:14px;&quot;&gt;$s\triangleq(1,m)\\
\bar{p}=p-(0,c)$&lt;/math&gt;
&lt;/p&gt;
&lt;p style=&quot; margin-top:0px; margin-bottom:0px; margin-left:0px; margin-right:0px; -qt-block-indent:0; text-indent:0px;&quot; align=&quot;left&quot;&gt;
&lt;span style=&quot; font-size:14px; vertical-align:bottom;&quot;&gt;Then, the projection p&apos; can be found by&lt;/span&gt;
&lt;/p&gt;
&lt;p style=&quot; margin-top:0px; margin-bottom:0px; margin-left:0px; margin-right:0px; -qt-block-indent:0; text-indent:0px;&quot; align=&quot;left&quot;&gt;
&lt;math style=&quot;font-size:14px;&quot;&gt;$p&apos;=\frac{\bar{p}^Ts}{s^Ts}s$&lt;/math&gt;
&lt;/p&gt;
&lt;/body&gt;
&lt;/html&gt;
</P>
    <P Name="Position">[161, -269, 694, -47]</P>
    <P Name="InternalMargins">[0, 0, 0, 0]</P>
    <P Name="Interpreter">rich</P>
    <P Name="ZOrder">-3</P>
  </Annotation>
  <Annotation SID="1129">
    <P Name="Name">&lt;!DOCTYPE HTML PUBLIC &apos;-//W3C//DTD HTML 4.0//EN&apos; &apos;http://www.w3.org/TR/REC-html40/strict.dtd&apos;&gt;
&lt;html&gt;
&lt;head&gt;
&lt;meta content=&quot;1&quot; name=&quot;qrichtext&quot;/&gt;
&lt;style type=&quot;text/css&quot;&gt;
p, li { white-space: pre-wrap; }
&lt;/style&gt;
&lt;/head&gt;
&lt;body style=&quot; font-family:&apos;Helvetica&apos;; font-size:10px; font-weight:400; font-style:normal;&quot; align=&quot;left&quot;&gt;
&lt;p style=&quot; margin-top:0px; margin-bottom:0px; margin-left:0px; margin-right:0px; -qt-block-indent:0; text-indent:0px;&quot; align=&quot;left&quot;&gt;
&lt;math style=&quot;font-size:10px;&quot;&gt;$s^Ts$&lt;/math&gt;
&lt;/p&gt;
&lt;/body&gt;
&lt;/html&gt;
</P>
    <P Name="Position">[439, 219, 457, 236]</P>
    <P Name="InternalMargins">[0, 0, 0, 0]</P>
    <P Name="Interpreter">rich</P>
    <P Name="ZOrder">-4</P>
  </Annotation>
  <Connector>
    <P Name="Annotation">1132</P>
    <P Name="Target">Block:1121</P>
    <P Name="MarkupType">model</P>
    <P Name="StrokeWidth">2</P>
    <P Name="Color">[0.000000, 0.000000, 0.700000]</P>
  </Connector>
  <Connector>
    <P Name="Annotation">1129</P>
    <P Name="Target">Block:1119</P>
    <P Name="MarkupType">model</P>
    <P Name="StrokeWidth">2</P>
    <P Name="Color">[0.000000, 0.000000, 0.700000]</P>
  </Connector>
  <Connector>
    <P Name="Annotation">1131</P>
    <P Name="Target">Block:1120</P>
    <P Name="MarkupType">model</P>
    <P Name="StrokeWidth">2</P>
    <P Name="Color">[0.000000, 0.000000, 0.700000]</P>
  </Connector>
</System>
