<?xml version="1.0" encoding="utf-8"?>
<System>
  <P Name="Location">[-1, -7, 1537, 817]</P>
  <Block BlockType="Inport" Name="P" SID="1088">
    <P Name="Position">[10, 63, 40, 77]</P>
    <P Name="ZOrder">440</P>
  </Block>
  <Block BlockType="Sum" Name="Add" SID="1089">
    <PortCounts in="2" out="1"/>
    <P Name="Position">[155, 27, 185, 58]</P>
    <P Name="ZOrder">445</P>
    <P Name="IconShape">rectangular</P>
    <P Name="Inputs">-+</P>
  </Block>
  <Block BlockType="Sum" Name="Add1" SID="1090">
    <PortCounts in="2" out="1"/>
    <P Name="Position">[155, 82, 185, 113]</P>
    <P Name="ZOrder">446</P>
    <P Name="IconShape">rectangular</P>
    <P Name="Inputs">+-</P>
  </Block>
  <Block BlockType="Trigonometry" Name="Atan3" SID="1091">
    <PortCounts in="2" out="1"/>
    <P Name="Position">[260, 32, 295, 103]</P>
    <P Name="ZOrder">432</P>
    <P Name="Operator">atan2</P>
  </Block>
  <Block BlockType="Bias" Name="Bias1" SID="1092">
    <P Name="Position">[375, 140, 415, 170]</P>
    <P Name="ZOrder">438</P>
    <P Name="Bias">-pi/2</P>
    <P Name="SaturateOnIntegerOverflow">off</P>
  </Block>
  <Block BlockType="Demux" Name="Demux" SID="1093">
    <PortCounts in="1" out="2"/>
    <P Name="Position">[100, 30, 105, 110]</P>
    <P Name="ZOrder">429</P>
    <P Name="Outputs">2</P>
    <PortProperties>
      <Port Type="out" Index="1">
        <P Name="Name">x</P>
      </Port>
      <Port Type="out" Index="2">
        <P Name="Name">y</P>
      </Port>
    </PortProperties>
  </Block>
  <Block BlockType="SubSystem" Name="MATLAB Function2" SID="1094">
    <PortCounts in="1" out="1"/>
    <P Name="Position">[645, 155, 715, 205]</P>
    <P Name="ZOrder">406</P>
    <P Name="ErrorFcn">Stateflow.Translate.translate</P>
    <P Name="PermitHierarchicalResolution">ExplicitOnly</P>
    <P Name="TreatAsAtomicUnit">on</P>
    <P Name="SFBlockType">MATLAB Function</P>
    <P Name="ContentPreviewEnabled">on</P>
    <PortProperties>
      <Port Type="out" Index="1">
        <P Name="PropagatedSignals">Xsd</P>
      </Port>
    </PortProperties>
    <System Ref="system_1094"/>
  </Block>
  <Block BlockType="Mux" Name="Mux" SID="1095">
    <PortCounts in="3" out="1"/>
    <P Name="Position">[580, 46, 585, 144]</P>
    <P Name="ZOrder">439</P>
    <P Name="Inputs">3</P>
    <P Name="DisplayOption">bar</P>
  </Block>
  <Block BlockType="Trigonometry" Name="Sin" SID="1096">
    <PortCounts in="1" out="1"/>
    <P Name="Position">[350, 20, 380, 50]</P>
    <P Name="ZOrder">434</P>
    <P Name="Operator">cos</P>
  </Block>
  <Block BlockType="Trigonometry" Name="Sin1" SID="1097">
    <PortCounts in="1" out="1"/>
    <P Name="Position">[350, 80, 380, 110]</P>
    <P Name="ZOrder">435</P>
  </Block>
  <Block BlockType="Sum" Name="Sum1" SID="1180">
    <PortCounts in="2" out="1"/>
    <P Name="Position">[510, 0, 530, 20]</P>
    <P Name="ZOrder">458</P>
    <P Name="Inputs">|++</P>
  </Block>
  <Block BlockType="Sum" Name="Sum2" SID="1181">
    <PortCounts in="2" out="1"/>
    <P Name="Position">[490, 85, 510, 105]</P>
    <P Name="ZOrder">459</P>
    <P Name="Inputs">|++</P>
  </Block>
  <Block BlockType="Gain" Name="rx" SID="1098">
    <P Name="Position">[435, 20, 465, 50]</P>
    <P Name="ZOrder">436</P>
    <P Name="Gain">r</P>
  </Block>
  <Block BlockType="Gain" Name="ry" SID="1099">
    <P Name="Position">[435, 80, 465, 110]</P>
    <P Name="ZOrder">437</P>
    <P Name="Gain">r</P>
  </Block>
  <Block BlockType="Constant" Name="xc" SID="1100">
    <P Name="Position">[65, -20, 95, 10]</P>
    <P Name="ZOrder">443</P>
    <P Name="Value">xc</P>
  </Block>
  <Block BlockType="Constant" Name="yc" SID="1101">
    <P Name="Position">[65, 140, 95, 170]</P>
    <P Name="ZOrder">444</P>
    <P Name="Value">yc</P>
  </Block>
  <Block BlockType="Outport" Name="qd" SID="1102">
    <P Name="Position">[800, 88, 830, 102]</P>
    <P Name="ZOrder">441</P>
  </Block>
  <Block BlockType="Outport" Name="Xsd" SID="1103">
    <P Name="Position">[800, 173, 830, 187]</P>
    <P Name="ZOrder">442</P>
    <P Name="Port">2</P>
  </Block>
  <Line>
    <P Name="ZOrder">1</P>
    <P Name="Src">1096#out:1</P>
    <P Name="Dst">1098#in:1</P>
  </Line>
  <Line>
    <P Name="ZOrder">2</P>
    <P Name="Src">1091#out:1</P>
    <P Name="Points">[23, 0]</P>
    <Branch>
      <P Name="ZOrder">3</P>
      <P Name="Points">[0, -35]</P>
      <P Name="Dst">1096#in:1</P>
    </Branch>
    <Branch>
      <P Name="ZOrder">4</P>
      <P Name="Points">[0, 25]</P>
      <Branch>
        <P Name="ZOrder">5</P>
        <P Name="Points">[0, 60]</P>
        <P Name="Dst">1092#in:1</P>
      </Branch>
      <Branch>
        <P Name="ZOrder">6</P>
        <P Name="Dst">1097#in:1</P>
      </Branch>
    </Branch>
  </Line>
  <Line>
    <P Name="ZOrder">7</P>
    <P Name="Src">1092#out:1</P>
    <P Name="Points">[98, 0; 0, -30]</P>
    <P Name="Dst">1095#in:3</P>
  </Line>
  <Line>
    <P Name="ZOrder">8</P>
    <P Name="Src">1094#out:1</P>
    <P Name="Dst">1103#in:1</P>
  </Line>
  <Line>
    <P Name="ZOrder">9</P>
    <P Name="Src">1088#out:1</P>
    <P Name="Dst">1093#in:1</P>
  </Line>
  <Line>
    <P Name="Name">x</P>
    <P Name="ZOrder">10</P>
    <P Name="Labels">[1, 1]</P>
    <P Name="Src">1093#out:1</P>
    <P Name="Dst">1089#in:2</P>
  </Line>
  <Line>
    <P Name="ZOrder">12</P>
    <P Name="Src">1097#out:1</P>
    <P Name="Dst">1099#in:1</P>
  </Line>
  <Line>
    <P Name="ZOrder">14</P>
    <P Name="Src">1090#out:1</P>
    <P Name="Points">[8, 0; 0, -50]</P>
    <P Name="Dst">1091#in:1</P>
  </Line>
  <Line>
    <P Name="Name">y</P>
    <P Name="ZOrder">15</P>
    <P Name="Labels">[1, 1]</P>
    <P Name="Src">1093#out:2</P>
    <P Name="Dst">1090#in:1</P>
  </Line>
  <Line>
    <P Name="ZOrder">16</P>
    <P Name="Src">1089#out:1</P>
    <P Name="Points">[21, 0; 0, 40]</P>
    <P Name="Dst">1091#in:2</P>
  </Line>
  <Line>
    <P Name="ZOrder">17</P>
    <P Name="Src">1095#out:1</P>
    <P Name="Points">[27, 0]</P>
    <Branch>
      <P Name="ZOrder">18</P>
      <P Name="Dst">1102#in:1</P>
    </Branch>
    <Branch>
      <P Name="ZOrder">19</P>
      <P Name="Points">[0, 85]</P>
      <P Name="Dst">1094#in:1</P>
    </Branch>
  </Line>
  <Line>
    <P Name="ZOrder">20</P>
    <P Name="Src">1100#out:1</P>
    <P Name="Points">[30, 0; 0, 15]</P>
    <Branch>
      <P Name="ZOrder">30</P>
      <P Name="Dst">1180#in:1</P>
    </Branch>
    <Branch>
      <P Name="ZOrder">29</P>
      <P Name="Points">[0, 25]</P>
      <P Name="Dst">1089#in:1</P>
    </Branch>
  </Line>
  <Line>
    <P Name="ZOrder">21</P>
    <P Name="Src">1101#out:1</P>
    <P Name="Points">[30, 0]</P>
    <Branch>
      <P Name="ZOrder">35</P>
      <P Name="Points">[79, 0; 0, -23; 291, 0]</P>
      <P Name="Dst">1181#in:2</P>
    </Branch>
    <Branch>
      <P Name="ZOrder">34</P>
      <P Name="Points">[0, -50]</P>
      <P Name="Dst">1090#in:2</P>
    </Branch>
  </Line>
  <Line>
    <P Name="ZOrder">27</P>
    <P Name="Src">1098#out:1</P>
    <P Name="Dst">1180#in:2</P>
  </Line>
  <Line>
    <P Name="ZOrder">28</P>
    <P Name="Src">1180#out:1</P>
    <P Name="Points">[20, 0; 0, 55]</P>
    <P Name="Dst">1095#in:1</P>
  </Line>
  <Line>
    <P Name="ZOrder">32</P>
    <P Name="Src">1181#out:1</P>
    <P Name="Dst">1095#in:2</P>
  </Line>
  <Line>
    <P Name="ZOrder">33</P>
    <P Name="Src">1099#out:1</P>
    <P Name="Dst">1181#in:1</P>
  </Line>
  <Annotation SID="1107">
    <P Name="Name">&lt;!DOCTYPE HTML PUBLIC &apos;-//W3C//DTD HTML 4.0//EN&apos; &apos;http://www.w3.org/TR/REC-html40/strict.dtd&apos;&gt;
&lt;html&gt;
&lt;head&gt;
&lt;meta name=&quot;qrichtext&quot; content=&quot;1&quot;/&gt;
&lt;style type=&quot;text/css&quot;&gt;
p, li { white-space: pre-wrap; }
&lt;/style&gt;
&lt;/head&gt;
&lt;body style=&quot; font-family:&apos;Helvetica&apos;; font-size:10px; font-weight:400; font-style:normal;&quot; align=&quot;left&quot;&gt;
&lt;p style=&quot; margin-top:0px; margin-bottom:0px; margin-left:0px; margin-right:0px; -qt-block-indent:0; text-indent:0px;&quot; align=&quot;left&quot;&gt;
&lt;span style=&quot; font-size:14px;&quot;&gt;This subsystem project a point P onto a circle and find the corresponding frame &lt;/span&gt;
&lt;math style=&quot;font-size:14px;&quot;&gt;$(\hat{x}_b,\hat{y}_b)$&lt;/math&gt;
&lt;/p&gt;
&lt;p style=&quot; margin-top:0px; margin-bottom:0px; margin-left:0px; margin-right:0px; -qt-block-indent:0; text-indent:0px;&quot; align=&quot;left&quot;&gt;
&lt;span style=&quot; font-size:14px; vertical-align:bottom;&quot;&gt;such that:&lt;/span&gt;
&lt;/p&gt;
&lt;p style=&quot; margin-top:0px; margin-bottom:0px; margin-left:0px; margin-right:0px; -qt-block-indent:0; text-indent:0px;&quot; align=&quot;left&quot;&gt;
&lt;span style=&quot; font-size:14px; vertical-align:bottom;&quot;&gt;- &lt;/span&gt;
&lt;math style=&quot;font-size:14px;&quot;&gt;$\hat{x}_b$&lt;/math&gt;
&lt;span style=&quot; font-size:14px; vertical-align:bottom;&quot;&gt; is tangent to the circle&lt;/span&gt;
&lt;/p&gt;
&lt;p style=&quot; margin-top:0px; margin-bottom:0px; margin-left:0px; margin-right:0px; -qt-block-indent:0; text-indent:0px;&quot; align=&quot;left&quot;&gt;
&lt;span style=&quot; font-size:14px; vertical-align:bottom;&quot;&gt;- &lt;/span&gt;
&lt;math style=&quot;font-size:14px;&quot;&gt;$\hat{y}_b$&lt;/math&gt;
&lt;span style=&quot; font-size:14px; vertical-align:bottom;&quot;&gt; is parallel to the radius and points opposite to the origin&lt;/span&gt;
&lt;/p&gt;
&lt;/body&gt;
&lt;/html&gt;
</P>
    <P Name="Position">[194, -210, 740, -126]</P>
    <P Name="InternalMargins">[0, 0, 0, 0]</P>
    <P Name="Interpreter">rich</P>
    <P Name="ZOrder">-1</P>
  </Annotation>
  <Annotation SID="1106">
    <P Name="Name">&lt;!DOCTYPE HTML PUBLIC &apos;-//W3C//DTD HTML 4.0//EN&apos; &apos;http://www.w3.org/TR/REC-html40/strict.dtd&apos;&gt;
&lt;html&gt;
&lt;head&gt;
&lt;meta content=&quot;1&quot; name=&quot;qrichtext&quot;/&gt;
&lt;style type=&quot;text/css&quot;&gt;
p, li { white-space: pre-wrap; }
&lt;/style&gt;
&lt;/head&gt;
&lt;body style=&quot; font-family:&apos;Helvetica&apos;; font-size:10px; font-weight:400; font-style:normal;&quot; align=&quot;left&quot;&gt;
&lt;p style=&quot; margin-top:0px; margin-bottom:0px; margin-left:0px; margin-right:0px; -qt-block-indent:0; text-indent:0px;&quot; align=&quot;left&quot;&gt;
&lt;span style=&quot; font-size:10px;&quot;&gt;The angle of the desired body frame is given by &lt;/span&gt;
&lt;math style=&quot;font-size:10px;&quot;&gt;$\phi-\pi/2$&lt;/math&gt;
&lt;/p&gt;
&lt;p style=&quot; margin-top:0px; margin-bottom:0px; margin-left:0px; margin-right:0px; -qt-block-indent:0; text-indent:0px;&quot; align=&quot;left&quot;&gt;
&lt;span style=&quot; font-size:10px; vertical-align:bottom;&quot;&gt;since we suppose that &lt;/span&gt;
&lt;math style=&quot;font-size:10px;&quot;&gt;$\hat{x}_b$&lt;/math&gt;
&lt;span style=&quot; font-size:10px; vertical-align:bottom;&quot;&gt; is tangent to the circle&lt;/span&gt;
&lt;/p&gt;
&lt;/body&gt;
&lt;/html&gt;
</P>
    <P Name="Position">[292, 220, 544, 252]</P>
    <P Name="InternalMargins">[0, 0, 0, 0]</P>
    <P Name="Interpreter">rich</P>
    <P Name="ZOrder">-2</P>
  </Annotation>
  <Annotation SID="1105">
    <P Name="Name">&lt;!DOCTYPE HTML PUBLIC &apos;-//W3C//DTD HTML 4.0//EN&apos; &apos;http://www.w3.org/TR/REC-html40/strict.dtd&apos;&gt;
&lt;html&gt;
&lt;head&gt;
&lt;meta content=&quot;1&quot; name=&quot;qrichtext&quot;/&gt;
&lt;style type=&quot;text/css&quot;&gt;
p, li { white-space: pre-wrap; }
&lt;/style&gt;
&lt;/head&gt;
&lt;body style=&quot; font-family:&apos;Helvetica&apos;; font-size:10px; font-weight:400; font-style:normal;&quot; align=&quot;left&quot;&gt;
&lt;p style=&quot; margin-top:0px; margin-bottom:0px; margin-left:0px; margin-right:0px; -qt-block-indent:0; text-indent:0px;&quot; align=&quot;left&quot;&gt;Find the angle of the point P w.r.t space frame origin:&lt;/p&gt;
&lt;p style=&quot; margin-top:0px; margin-bottom:0px; margin-left:0px; margin-right:0px; -qt-block-indent:0; text-indent:0px;&quot; align=&quot;left&quot;&gt;
&lt;math style=&quot;font-size:10px;&quot;&gt;$\phi=atan2(y,x)$&lt;/math&gt;
&lt;/p&gt;
&lt;/body&gt;
&lt;/html&gt;
</P>
    <P Name="Position">[100, -69, 334, -41]</P>
    <P Name="InternalMargins">[0, 0, 0, 0]</P>
    <P Name="Interpreter">rich</P>
    <P Name="ZOrder">-3</P>
  </Annotation>
  <Annotation SID="1104">
    <P Name="Name">&lt;!DOCTYPE HTML PUBLIC &apos;-//W3C//DTD HTML 4.0//EN&apos; &apos;http://www.w3.org/TR/REC-html40/strict.dtd&apos;&gt;
&lt;html&gt;
&lt;head&gt;
&lt;meta name=&quot;qrichtext&quot; content=&quot;1&quot;/&gt;
&lt;style type=&quot;text/css&quot;&gt;
p, li { white-space: pre-wrap; }
&lt;/style&gt;
&lt;/head&gt;
&lt;body align=&quot;left&quot; style=&quot; font-family:&apos;Helvetica&apos;; font-size:10px; font-weight:400; font-style:normal;&quot;&gt;
&lt;p align=&quot;left&quot; style=&quot; margin-top:0px; margin-bottom:0px; margin-left:0px; margin-right:0px; -qt-block-indent:0; text-indent:0px;&quot;&gt;
&lt;span style=&quot; font-size:10px;&quot;&gt;The radius of the circle lays on the same line connecting the origin to P.&lt;/span&gt;
&lt;/p&gt;
&lt;p align=&quot;left&quot; style=&quot; margin-top:0px; margin-bottom:0px; margin-left:0px; margin-right:0px; -qt-block-indent:0; text-indent:0px;&quot;&gt;
&lt;span style=&quot; font-size:10px;&quot;&gt;Thus the projection can be found by generating (x,y) as:&lt;/span&gt;
&lt;/p&gt;
&lt;p align=&quot;left&quot; style=&quot; margin-top:0px; margin-bottom:0px; margin-left:0px; margin-right:0px; -qt-block-indent:0; text-indent:0px;&quot;&gt;
&lt;math style=&quot;font-size:10px;&quot;&gt;$x=r\cos{(\phi)}\\
y=r\sin{(\phi)}$&lt;/math&gt;
&lt;/p&gt;
&lt;/body&gt;
&lt;/html&gt;
</P>
    <P Name="Position">[377, -85, 693, -26]</P>
    <P Name="InternalMargins">[0, 0, 0, 0]</P>
    <P Name="Interpreter">rich</P>
    <P Name="ZOrder">-4</P>
  </Annotation>
  <Connector>
    <P Name="Annotation">1104</P>
    <P Name="Target">Block:1096</P>
    <P Name="MarkupType">model</P>
    <P Name="StrokeWidth">2</P>
    <P Name="Color">[0.000000, 0.000000, 0.700000]</P>
  </Connector>
  <Connector>
    <P Name="Annotation">1105</P>
    <P Name="Target">Block:1091</P>
    <P Name="MarkupType">model</P>
    <P Name="StrokeWidth">2</P>
    <P Name="Color">[0.000000, 0.000000, 0.700000]</P>
  </Connector>
  <Connector>
    <P Name="Annotation">1106</P>
    <P Name="Target">Block:1092</P>
    <P Name="MarkupType">model</P>
    <P Name="StrokeWidth">2</P>
    <P Name="Color">[0.000000, 0.000000, 0.700000]</P>
  </Connector>
</System>
