<?xml version="1.0" encoding="utf-8"?>
<System>
  <P Name="Location">[-1, -7, 1537, 825]</P>
  <P Name="ZoomFactor">119</P>
  <P Name="ReportName">simulink-default.rpt</P>
  <P Name="SIDHighWatermark">1220</P>
  <Block BlockType="SubSystem" Name="Controller" SID="1174">
    <PortCounts in="2" out="2"/>
    <P Name="Position">[1000, 582, 1100, 653]</P>
    <P Name="ZOrder">1695</P>
    <P Name="BackgroundColor">red</P>
    <P Name="ContentPreviewEnabled">on</P>
    <System Ref="system_1174"/>
  </Block>
  <Block BlockType="Demux" Name="Demux1" SID="1040">
    <PortCounts in="1" out="3"/>
    <P Name="Position">[1485, 537, 1490, 593]</P>
    <P Name="ZOrder">1681</P>
    <P Name="Outputs">3</P>
    <PortProperties>
      <Port Type="out" Index="1">
        <P Name="Name">x^d</P>
      </Port>
      <Port Type="out" Index="2">
        <P Name="Name">y^d</P>
      </Port>
      <Port Type="out" Index="3">
        <P Name="Name">phi^d</P>
      </Port>
    </PortProperties>
  </Block>
  <Block BlockType="Demux" Name="Demux2" SID="1041">
    <PortCounts in="1" out="3"/>
    <P Name="Position">[1485, 632, 1490, 688]</P>
    <P Name="ZOrder">1680</P>
    <P Name="Outputs">3</P>
    <PortProperties>
      <Port Type="out" Index="1">
        <P Name="Name">x</P>
      </Port>
      <Port Type="out" Index="2">
        <P Name="Name">y</P>
      </Port>
      <Port Type="out" Index="3">
        <P Name="Name">phi</P>
      </Port>
    </PortProperties>
  </Block>
  <Block BlockType="Display" Name="Display" SID="1189">
    <PortCounts in="1"/>
    <P Name="Position">[1160, 500, 1250, 530]</P>
    <P Name="ZOrder">1696</P>
    <P Name="Decimation">1</P>
  </Block>
  <Block BlockType="Display" Name="Display1" SID="1193">
    <PortCounts in="1"/>
    <P Name="Position">[1170, 690, 1260, 720]</P>
    <P Name="ZOrder">1697</P>
    <P Name="Decimation">1</P>
  </Block>
  <Block BlockType="Mux" Name="Mux" SID="1042">
    <PortCounts in="2" out="1"/>
    <P Name="Position">[1635, 416, 1640, 454]</P>
    <P Name="ZOrder">1685</P>
    <P Name="Inputs">2</P>
    <P Name="DisplayOption">bar</P>
    <PortProperties>
      <Port Type="out" Index="1">
        <P Name="Name">x</P>
      </Port>
    </PortProperties>
  </Block>
  <Block BlockType="Mux" Name="Mux1" SID="1043">
    <PortCounts in="2" out="1"/>
    <P Name="Position">[1635, 456, 1640, 494]</P>
    <P Name="ZOrder">1686</P>
    <P Name="Inputs">2</P>
    <P Name="DisplayOption">bar</P>
    <PortProperties>
      <Port Type="out" Index="1">
        <P Name="Name">y</P>
      </Port>
    </PortProperties>
  </Block>
  <Block BlockType="Scope" Name="Scope" SID="1194">
    <PortCounts in="1"/>
    <P Name="Position">[1120, 399, 1150, 431]</P>
    <P Name="ZOrder">1698</P>
    <P Name="ScopeSpecificationString">Simulink.scopes.TimeScopeBlockCfg(&apos;CurrentConfiguration&apos;, extmgr.ConfigurationSet(extmgr.Configuration(&apos;Core&apos;,&apos;General UI&apos;,true),extmgr.Configuration(&apos;Core&apos;,&apos;Source UI&apos;,true),extmgr.Configuration(&apos;Sources&apos;,&apos;WiredSimulink&apos;,true,&apos;DataLoggingVariableName&apos;,&apos;ScopeData1&apos;),extmgr.Configuration(&apos;Visuals&apos;,&apos;Time Domain&apos;,true,&apos;SerializedDisplays&apos;,{struct(&apos;MinYLimReal&apos;,&apos;-0.03054&apos;,&apos;MaxYLimReal&apos;,&apos;0.24784&apos;,&apos;YLabelReal&apos;,&apos;&apos;,&apos;MinYLimMag&apos;,&apos;0.00000&apos;,&apos;MaxYLimMag&apos;,&apos;0.24784&apos;,&apos;LegendVisibility&apos;,&apos;off&apos;,&apos;XGrid&apos;,true,&apos;YGrid&apos;,true,&apos;PlotMagPhase&apos;,false,&apos;AxesColor&apos;,[0 0 0],&apos;AxesTickColor&apos;,[0.686274509803922 0.686274509803922 0.686274509803922],&apos;ColorOrder&apos;,[1 1 0.0666666666666667;0.0745098039215686 0.623529411764706 1;1 0.411764705882353 0.16078431372549;0.392156862745098 0.831372549019608 0.0745098039215686;0.717647058823529 0.274509803921569 1;0.0588235294117647 1 1;1 0.0745098039215686 0.650980392156863],&apos;Title&apos;,&apos;%&lt;SignalLabel&gt;&apos;,&apos;LinePropertiesCache&apos;,{{}},&apos;UserDefinedChannelNames&apos;,{{}},&apos;NumLines&apos;,1,&apos;LineNames&apos;,{{&apos;Controller/1&apos;}},&apos;ShowContent&apos;,true,&apos;Placement&apos;,1)},&apos;DisplayPropertyDefaults&apos;,struct(&apos;MinYLimReal&apos;,&apos;-0.03054&apos;,&apos;MaxYLimReal&apos;,&apos;0.24784&apos;,&apos;YLabelReal&apos;,&apos;&apos;,&apos;MinYLimMag&apos;,&apos;0.00000&apos;,&apos;MaxYLimMag&apos;,&apos;0.24784&apos;,&apos;LegendVisibility&apos;,&apos;off&apos;,&apos;XGrid&apos;,true,&apos;YGrid&apos;,true,&apos;PlotMagPhase&apos;,false,&apos;AxesColor&apos;,[0 0 0],&apos;AxesTickColor&apos;,[0.686274509803922 0.686274509803922 0.686274509803922],&apos;ColorOrder&apos;,[0.0745098039215686 0.623529411764706 1;1 0.411764705882353 0.16078431372549;1 1 0.0666666666666667;0.717647058823529 0.274509803921569 1;0.392156862745098 0.831372549019608 0.0745098039215686;0.0588235294117647 1 1;1 0.0745098039215686 0.650980392156863])),extmgr.Configuration(&apos;Tools&apos;,&apos;Plot Navigation&apos;,true,&apos;OnceAtStop&apos;,false,&apos;PreviousAutoscale&apos;,&apos;XY&apos;),extmgr.Configuration(&apos;Tools&apos;,&apos;Measurements&apos;,true,&apos;Version&apos;,&apos;2023b&apos;)),&apos;Version&apos;,&apos;2023b&apos;,&apos;Position&apos;,[1 49 1536 740.8])</P>
    <P Name="NumInputPorts">1</P>
    <P Name="Floating">off</P>
  </Block>
  <Block BlockType="Scope" Name="Scope1" SID="1195">
    <PortCounts in="1"/>
    <P Name="Position">[1100, 704, 1130, 736]</P>
    <P Name="ZOrder">1699</P>
    <P Name="ScopeSpecificationString">Simulink.scopes.TimeScopeBlockCfg(&apos;CurrentConfiguration&apos;, extmgr.ConfigurationSet(extmgr.Configuration(&apos;Core&apos;,&apos;General UI&apos;,true),extmgr.Configuration(&apos;Core&apos;,&apos;Source UI&apos;,true),extmgr.Configuration(&apos;Sources&apos;,&apos;WiredSimulink&apos;,true,&apos;DataLoggingVariableName&apos;,&apos;ScopeData2&apos;),extmgr.Configuration(&apos;Visuals&apos;,&apos;Time Domain&apos;,true,&apos;SerializedDisplays&apos;,{struct(&apos;MinYLimReal&apos;,&apos;-0.15829&apos;,&apos;MaxYLimReal&apos;,&apos;0.04012&apos;,&apos;YLabelReal&apos;,&apos;&apos;,&apos;MinYLimMag&apos;,&apos;0.00000&apos;,&apos;MaxYLimMag&apos;,&apos;0.15829&apos;,&apos;LegendVisibility&apos;,&apos;off&apos;,&apos;XGrid&apos;,true,&apos;YGrid&apos;,true,&apos;PlotMagPhase&apos;,false,&apos;AxesColor&apos;,[0 0 0],&apos;AxesTickColor&apos;,[0.686274509803922 0.686274509803922 0.686274509803922],&apos;ColorOrder&apos;,[1 1 0.0666666666666667;0.0745098039215686 0.623529411764706 1;1 0.411764705882353 0.16078431372549;0.392156862745098 0.831372549019608 0.0745098039215686;0.717647058823529 0.274509803921569 1;0.0588235294117647 1 1;1 0.0745098039215686 0.650980392156863],&apos;Title&apos;,&apos;%&lt;SignalLabel&gt;&apos;,&apos;LinePropertiesCache&apos;,{{}},&apos;UserDefinedChannelNames&apos;,{{}},&apos;NumLines&apos;,1,&apos;LineNames&apos;,{{&apos;Controller/2&apos;}},&apos;ShowContent&apos;,true,&apos;Placement&apos;,1)},&apos;DisplayPropertyDefaults&apos;,struct(&apos;MinYLimReal&apos;,&apos;-0.15829&apos;,&apos;MaxYLimReal&apos;,&apos;0.04012&apos;,&apos;YLabelReal&apos;,&apos;&apos;,&apos;MinYLimMag&apos;,&apos;0.00000&apos;,&apos;MaxYLimMag&apos;,&apos;0.15829&apos;,&apos;LegendVisibility&apos;,&apos;off&apos;,&apos;XGrid&apos;,true,&apos;YGrid&apos;,true,&apos;PlotMagPhase&apos;,false,&apos;AxesColor&apos;,[0 0 0],&apos;AxesTickColor&apos;,[0.686274509803922 0.686274509803922 0.686274509803922],&apos;ColorOrder&apos;,[0.0745098039215686 0.623529411764706 1;1 0.411764705882353 0.16078431372549;1 1 0.0666666666666667;0.717647058823529 0.274509803921569 1;0.392156862745098 0.831372549019608 0.0745098039215686;0.0588235294117647 1 1;1 0.0745098039215686 0.650980392156863])),extmgr.Configuration(&apos;Tools&apos;,&apos;Plot Navigation&apos;,true,&apos;OnceAtStop&apos;,false,&apos;PreviousAutoscale&apos;,&apos;XY&apos;),extmgr.Configuration(&apos;Tools&apos;,&apos;Measurements&apos;,true,&apos;Version&apos;,&apos;2023b&apos;)),&apos;Version&apos;,&apos;2023b&apos;,&apos;Position&apos;,[1 49 1536 740.8])</P>
    <P Name="NumInputPorts">1</P>
    <P Name="Floating">off</P>
  </Block>
  <Block BlockType="SubSystem" Name="Trajectory generation&#xA;(Vision system)" SID="1045">
    <PortCounts in="1" out="4"/>
    <P Name="Position">[760, 515, 895, 650]</P>
    <P Name="ZOrder">1690</P>
    <P Name="AttributesFormatString">%&lt;PathType&gt;</P>
    <P Name="ContentPreviewEnabled">on</P>
    <Mask>
      <Type>Description</Type>
      <Display RunInitForIconRedraw="off"/>
      <Description>Generate a trajectory by simulating a vision system that detects a path.
The path can be chosen to be a circle (radius=5m) or a straight line (y=x).

Input:
- qsb: Configuration vector of the turtlebot qsb=[x,y,phi]

Outputs:
- e: Error calculated as Euclidean distance with respect to the path (to be used only for visualisation).
- qsd: Desired trajectory in space frame (to be used only for visualisation).
- Xbd: SE(3) configuration of the desired position in the trurtlebot body frame.
- qbd: Minimal set of coordinates representing the point D on the path in the {b} frame.</Description>
      <MaskParameter Name="PathType" Type="promote" Evaluate="off" Tunable="off">
        <Prompt>Type of path</Prompt>
        <Value>Circle</Value>
        <Alias>OverrideUsingVariant</Alias>
        <TypeOptions>
          <Option>Trajectory Space Frame/PathType</Option>
        </TypeOptions>
      </MaskParameter>
      <DialogControl Type="Group" Name="DescGroupVar">
        <Prompt>%&lt;MaskType&gt;</Prompt>
        <DialogControl Type="Text" Name="DescTextVar">
          <Prompt>%&lt;MaskDescription&gt;</Prompt>
        </DialogControl>
      </DialogControl>
      <DialogControl Type="Group" Name="ParameterGroupVar">
        <Prompt>Parameters</Prompt>
        <DialogControl Type="Popup" Name="PathType">
          <Prompt>Type of path</Prompt>
          <ControlOptions PromptLocation="left"/>
        </DialogControl>
      </DialogControl>
    </Mask>
    <PortProperties>
      <Port Type="out" Index="3">
        <P Name="PropagatedSignals">Xbd</P>
      </Port>
    </PortProperties>
    <System Ref="system_1045"/>
  </Block>
  <Block BlockType="SubSystem" Name="Turtlebot" SID="1159">
    <PortCounts in="2" out="1"/>
    <P Name="Position">[1190, 584, 1285, 651]</P>
    <P Name="ZOrder">1689</P>
    <P Name="ContentPreviewEnabled">on</P>
    <Mask>
      <Display RunInitForIconRedraw="off"/>
      <Description>Simple model of a turtlebot.

Inputs:
- v: Linear velocity [m/s]
- w: Angular velocity [rad/s]

Outputs:
- q: Configuration vector [x,y,phi]</Description>
      <MaskParameter Name="InitialState" Type="promote">
        <Prompt>robotics:robotslmobile:sharedblockmask:InitialStatePrompt</Prompt>
        <Value>q0</Value>
        <TypeOptions>
          <Option>Differential Drive Kinematic Model/InitialState</Option>
        </TypeOptions>
      </MaskParameter>
      <DialogControl Type="Group" Name="DescGroupVar">
        <Prompt>Description</Prompt>
        <DialogControl Type="Text" Name="DescTextVar">
          <Prompt>%&lt;MaskDescription&gt;</Prompt>
        </DialogControl>
      </DialogControl>
      <DialogControl Type="Group" Name="ParameterGroupVar">
        <Prompt>Parameters:</Prompt>
        <DialogControl Type="Edit" Name="InitialState">
          <Prompt>Initial state:</Prompt>
          <ControlOptions PromptLocation="left"/>
        </DialogControl>
      </DialogControl>
    </Mask>
    <PortProperties>
      <Port Type="out" Index="1">
        <P Name="Name">qsb</P>
      </Port>
    </PortProperties>
    <System Ref="system_1159"/>
  </Block>
  <Block BlockType="Record" Name="XY Graph" SID="1167">
    <PortCounts in="2"/>
    <P Name="Position">[1715, 427, 1750, 458]</P>
    <P Name="ZOrder">1684</P>
    <P Name="NumPorts" Ref="bdmxdata:NumPorts_1167"/>
    <P Name="FileSettingsInternal">{&quot;entries&quot;:[{&quot;content&quot;:{&quot;excelSettings&quot;:{&quot;content&quot;:{},&quot;type&quot;:&quot;Streamout.ExcelSettings&quot;}},&quot;type&quot;:&quot;Streamout.FileSettingStorage&quot;,&quot;uuid&quot;:&quot;&quot;}],&quot;packageUris&quot;:[&quot;http:\/\/schema.mathworks.com\/mf0\/streamout_blocks\/R2020a&quot;],&quot;version&quot;:&quot;1.0&quot;}</P>
    <P Name="FrameSettings" Ref="bdmxdata:FrameSettings_1167"/>
    <P Name="Layout">[1 1]</P>
    <P Name="SignalsInternal">{&quot;entries&quot;:[{&quot;content&quot;:{&quot;signals&quot;:[{&quot;content&quot;:{&quot;blockPath&quot;:[],&quot;dimensions&quot;:[2],&quot;domain&quot;:&quot;&quot;,&quot;hasChildren&quot;:true,&quot;lineColor&quot;:&quot;#7e2f8e&quot;,&quot;port&quot;:1,&quot;sid&quot;:[&quot;&quot;],&quot;signalID&quot;:1,&quot;signalName&quot;:&quot;x&quot;},&quot;type&quot;:&quot;RecordBlkView.Signal&quot;,&quot;uuid&quot;:&quot;&quot;},{&quot;content&quot;:{&quot;blockPath&quot;:[],&quot;channel&quot;:[1],&quot;dimensions&quot;:[2],&quot;domain&quot;:&quot;&quot;,&quot;lineColor&quot;:&quot;#4dbeee&quot;,&quot;parentID&quot;:1,&quot;plots&quot;:[ 1 ],&quot;port&quot;:1,&quot;sid&quot;:[&quot;&quot;],&quot;signalID&quot;:2,&quot;signalName&quot;:&quot;x&quot;},&quot;type&quot;:&quot;RecordBlkView.Signal&quot;,&quot;uuid&quot;:&quot;&quot;},{&quot;content&quot;:{&quot;blockPath&quot;:[],&quot;dimensions&quot;:[2],&quot;domain&quot;:&quot;&quot;,&quot;hasChildren&quot;:true,&quot;lineColor&quot;:&quot;#4dbeee&quot;,&quot;port&quot;:2,&quot;sid&quot;:[&quot;&quot;],&quot;signalID&quot;:3,&quot;signalName&quot;:&quot;y&quot;},&quot;type&quot;:&quot;RecordBlkView.Signal&quot;,&quot;uuid&quot;:&quot;&quot;},{&quot;content&quot;:{&quot;blockPath&quot;:[],&quot;channel&quot;:[1],&quot;dimensions&quot;:[2],&quot;domain&quot;:&quot;&quot;,&quot;lineColor&quot;:&quot;#139fff&quot;,&quot;parentID&quot;:3,&quot;plots&quot;:[ 1 ],&quot;port&quot;:2,&quot;sid&quot;:[&quot;&quot;],&quot;signalID&quot;:4,&quot;signalName&quot;:&quot;y&quot;},&quot;type&quot;:&quot;RecordBlkView.Signal&quot;,&quot;uuid&quot;:&quot;&quot;},{&quot;content&quot;:{&quot;blockPath&quot;:[],&quot;channel&quot;:[2],&quot;dimensions&quot;:[2],&quot;domain&quot;:&quot;&quot;,&quot;lineColor&quot;:&quot;#64d413&quot;,&quot;parentID&quot;:1,&quot;plots&quot;:[ 1 ],&quot;port&quot;:1,&quot;sid&quot;:[&quot;&quot;],&quot;signalID&quot;:5,&quot;signalName&quot;:&quot;x&quot;},&quot;type&quot;:&quot;RecordBlkView.Signal&quot;,&quot;uuid&quot;:&quot;&quot;},{&quot;content&quot;:{&quot;blockPath&quot;:[],&quot;channel&quot;:[2],&quot;dimensions&quot;:[2],&quot;domain&quot;:&quot;&quot;,&quot;lineColor&quot;:&quot;#ff13a6&quot;,&quot;parentID&quot;:3,&quot;plots&quot;:[ 1 ],&quot;port&quot;:2,&quot;sid&quot;:[&quot;&quot;],&quot;signalID&quot;:6,&quot;signalName&quot;:&quot;y&quot;},&quot;type&quot;:&quot;RecordBlkView.Signal&quot;,&quot;uuid&quot;:&quot;&quot;}]},&quot;type&quot;:&quot;RecordBlkView.InputSignals&quot;,&quot;uuid&quot;:&quot;&quot;}],&quot;packageUris&quot;:[&quot;http:\/\/schema.mathworks.com\/mf0\/streamout_blocks\/R2020a&quot;],&quot;version&quot;:&quot;1.0&quot;}</P>
    <Object PropName="PlotPreferences" ObjectID="1" ClassName="Simulink.record.internal.PlotPreferences">
      <Object PropName="Time" ObjectID="2" ClassName="Simulink.record.internal.TimePlotPreferences">
        <P Name="TicksColor" Class="double">[0.0, 0.0, 0.0]</P>
        <P Name="TicksPosition" Class="char">Outside</P>
        <P Name="TickLabels" Class="char">All</P>
        <P Name="PlotColor" Class="double">[1.0, 1.0, 1.0]</P>
        <P Name="GridColor" Class="double">[0.81568627450980391, 0.82352941176470584, 0.82745098039215681]</P>
        <P Name="LegendPosition" Class="char">TopLeft</P>
        <P Name="Markers" Class="char">Hide</P>
        <P Name="GridLines" Class="char">All</P>
        <P Name="PlotBorder" Class="char">Show</P>
        <P Name="UpdateMode" Class="char">Wrap</P>
        <P Name="TimeSpan" Class="char">Auto</P>
        <P Name="TLimits" Class="double">[0.0, 150.0]</P>
        <P Name="YLimits" Class="double">[-3.0, 3.0]</P>
        <P Name="ScaleAtStop" Class="logical">1</P>
      </Object>
      <Object PropName="XY" ObjectID="3" ClassName="Simulink.record.internal.XYPlotPreferences">
        <P Name="TicksColor" Class="double">[0.0, 0.0, 0.0]</P>
        <P Name="PlotColor" Class="double">[1.0, 1.0, 1.0]</P>
        <P Name="GridColor" Class="double">[0.81568627450980391, 0.82352941176470584, 0.82745098039215681]</P>
        <P Name="Line" Class="char">Hide</P>
        <P Name="LineColor" Class="char">YColor</P>
        <P Name="Markers" Class="char">Show</P>
        <P Name="MarkerBorder" Class="char">XColor</P>
        <P Name="MarkerFill" Class="char">YColor</P>
        <P Name="MarkerSize" Class="double">3.0</P>
        <P Name="TrendLine" Class="char">Hide</P>
        <P Name="TrendLineColor" Class="double">[1.0, 0.0, 0.0]</P>
        <P Name="TrendLineWeight" Class="double">2.5</P>
        <P Name="TrendLineType" Class="char">Linear</P>
        <P Name="PolynomialOrder" Class="double">3.0</P>
        <P Name="GridLines" Class="char">On</P>
        <Object PropName="LocalXYSettings" ObjectID="4" ClassName="Simulink.record.internal.LocalXYSettings">
          <P Name="SubPlotID" Class="int32">1</P>
          <P Name="isAutoLimits" Class="logical">1</P>
          <P Name="limits" Class="double">[-5.503, 5.556, -5.5, 5.5]</P>
        </Object>
      </Object>
      <Object PropName="Map" ObjectID="5" ClassName="Simulink.record.internal.MapPlotPreferences">
        <P Name="Type" Class="char">Street</P>
      </Object>
    </Object>
    <P Name="CanvasColor" Ref="bdmxdata:CanvasColor_1167"/>
    <P Name="VisualizationBindings">{&quot;xyplotplugin&quot;:{&quot;info&quot;:[{&quot;series&quot;:[{&quot;bindingParametersList&quot;:[{&quot;parameter&quot;:&quot;X-Axis&quot;,&quot;signalID&quot;:2,&quot;signalName&quot;:&quot;x(1)&quot;},{&quot;parameter&quot;:&quot;Y-Axis&quot;,&quot;signalID&quot;:4,&quot;signalName&quot;:&quot;y(1)&quot;}],&quot;seriesID&quot;:0},{&quot;bindingParametersList&quot;:[{&quot;parameter&quot;:&quot;X-Axis&quot;,&quot;signalID&quot;:5,&quot;signalName&quot;:&quot;x(2)&quot;},{&quot;parameter&quot;:&quot;Y-Axis&quot;,&quot;signalID&quot;:6,&quot;signalName&quot;:&quot;y(2)&quot;}],&quot;seriesID&quot;:1}],&quot;subplotID&quot;:1}]}}</P>
    <P Name="CompatibilityTag">XY</P>
  </Block>
  <Block BlockType="Scope" Name="error&#xA;(distance from path)" SID="1168">
    <PortCounts in="1"/>
    <P Name="Position">[1645, 344, 1675, 376]</P>
    <P Name="ZOrder">1691</P>
    <P Name="ScopeSpecificationString">Simulink.scopes.TimeScopeBlockCfg(&apos;CurrentConfiguration&apos;, extmgr.ConfigurationSet(extmgr.Configuration(&apos;Core&apos;,&apos;General UI&apos;,true),extmgr.Configuration(&apos;Core&apos;,&apos;Source UI&apos;,true),extmgr.Configuration(&apos;Sources&apos;,&apos;WiredSimulink&apos;,true,&apos;DataLoggingVariableName&apos;,&apos;ScopeData2&apos;),extmgr.Configuration(&apos;Visuals&apos;,&apos;Time Domain&apos;,true,&apos;SerializedDisplays&apos;,{struct(&apos;MinYLimReal&apos;,&apos;-1.13505&apos;,&apos;MaxYLimReal&apos;,&apos;0.21544&apos;,&apos;YLabelReal&apos;,&apos;&apos;,&apos;MinYLimMag&apos;,&apos;0.00000&apos;,&apos;MaxYLimMag&apos;,&apos;1.13505&apos;,&apos;LegendVisibility&apos;,&apos;off&apos;,&apos;XGrid&apos;,true,&apos;YGrid&apos;,true,&apos;PlotMagPhase&apos;,false,&apos;AxesColor&apos;,[0 0 0],&apos;AxesTickColor&apos;,[0.686274509803922 0.686274509803922 0.686274509803922],&apos;ColorOrder&apos;,[1 1 0.0666666666666667;0.0745098039215686 0.623529411764706 1;1 0.411764705882353 0.16078431372549;0.392156862745098 0.831372549019608 0.0745098039215686;0.717647058823529 0.274509803921569 1;0.0588235294117647 1 1;1 0.0745098039215686 0.650980392156863],&apos;Title&apos;,&apos;%&lt;SignalLabel&gt;&apos;,&apos;LinePropertiesCache&apos;,{{}},&apos;UserDefinedChannelNames&apos;,{{}},&apos;NumLines&apos;,1,&apos;LineNames&apos;,{{&apos;Trajectory generation (Vision system)/1&apos;}},&apos;ShowContent&apos;,true,&apos;Placement&apos;,1)},&apos;DisplayPropertyDefaults&apos;,struct(&apos;MinYLimReal&apos;,&apos;-1.13505&apos;,&apos;MaxYLimReal&apos;,&apos;0.21544&apos;,&apos;YLabelReal&apos;,&apos;&apos;,&apos;MinYLimMag&apos;,&apos;0.00000&apos;,&apos;MaxYLimMag&apos;,&apos;1.13505&apos;,&apos;LegendVisibility&apos;,&apos;off&apos;,&apos;XGrid&apos;,true,&apos;YGrid&apos;,true,&apos;PlotMagPhase&apos;,false,&apos;AxesColor&apos;,[0 0 0],&apos;AxesTickColor&apos;,[0.686274509803922 0.686274509803922 0.686274509803922],&apos;ColorOrder&apos;,[0.0745098039215686 0.623529411764706 1;1 0.411764705882353 0.16078431372549;1 1 0.0666666666666667;0.717647058823529 0.274509803921569 1;0.392156862745098 0.831372549019608 0.0745098039215686;0.0588235294117647 1 1;1 0.0745098039215686 0.650980392156863])),extmgr.Configuration(&apos;Tools&apos;,&apos;Plot Navigation&apos;,true),extmgr.Configuration(&apos;Tools&apos;,&apos;Measurements&apos;,true,&apos;Version&apos;,&apos;2023b&apos;)),&apos;Version&apos;,&apos;2023b&apos;)</P>
    <P Name="NumInputPorts">1</P>
    <P Name="Floating">off</P>
  </Block>
  <Block BlockType="Scope" Name="qsb" SID="1169">
    <PortCounts in="3"/>
    <P Name="Position">[1635, 626, 1675, 694]</P>
    <P Name="ZOrder">1687</P>
    <P Name="ScopeSpecificationString">Simulink.scopes.TimeScopeBlockCfg(&apos;CurrentConfiguration&apos;, extmgr.ConfigurationSet(extmgr.Configuration(&apos;Core&apos;,&apos;General UI&apos;,true),extmgr.Configuration(&apos;Core&apos;,&apos;Source UI&apos;,true),extmgr.Configuration(&apos;Sources&apos;,&apos;WiredSimulink&apos;,true,&apos;DataLoggingVariableName&apos;,&apos;ScopeData3&apos;),extmgr.Configuration(&apos;Visuals&apos;,&apos;Time Domain&apos;,true,&apos;SerializedDisplays&apos;,{struct(&apos;MinYLimReal&apos;,&apos;-6.24686&apos;,&apos;MaxYLimReal&apos;,&apos;6.30839&apos;,&apos;YLabelReal&apos;,&apos;&apos;,&apos;MinYLimMag&apos;,&apos;0.00000&apos;,&apos;MaxYLimMag&apos;,&apos;6.30839&apos;,&apos;LegendVisibility&apos;,&apos;Off&apos;,&apos;XGrid&apos;,true,&apos;YGrid&apos;,true,&apos;PlotMagPhase&apos;,false,&apos;AxesColor&apos;,[0 0 0],&apos;AxesTickColor&apos;,[0.686274509803922 0.686274509803922 0.686274509803922],&apos;ColorOrder&apos;,[1 1 0.0666666666666667;0.0745098039215686 0.623529411764706 1;1 0.411764705882353 0.16078431372549;0.392156862745098 0.831372549019608 0.0745098039215686;0.717647058823529 0.274509803921569 1;0.0588235294117647 1 1;1 0.0745098039215686 0.650980392156863],&apos;Title&apos;,&apos;%&lt;SignalLabel&gt;&apos;,&apos;LinePropertiesCache&apos;,{{}},&apos;UserDefinedChannelNames&apos;,{{}},&apos;NumLines&apos;,1,&apos;LineNames&apos;,{{&apos;x&apos;}},&apos;ShowContent&apos;,true,&apos;Placement&apos;,1),struct(&apos;MinYLimReal&apos;,&apos;-6.23812&apos;,&apos;MaxYLimReal&apos;,&apos;6.24808&apos;,&apos;YLabelReal&apos;,&apos;&apos;,&apos;MinYLimMag&apos;,&apos;0&apos;,&apos;MaxYLimMag&apos;,&apos;10&apos;,&apos;LegendVisibility&apos;,&apos;Off&apos;,&apos;XGrid&apos;,true,&apos;YGrid&apos;,true,&apos;PlotMagPhase&apos;,false,&apos;AxesColor&apos;,[0 0 0],&apos;AxesTickColor&apos;,[0.686274509803922 0.686274509803922 0.686274509803922],&apos;ColorOrder&apos;,[1 1 0.0666666666666667;0.0745098039215686 0.623529411764706 1;1 0.411764705882353 0.16078431372549;0.392156862745098 0.831372549019608 0.0745098039215686;0.717647058823529 0.274509803921569 1;0.0588235294117647 1 1;1 0.0745098039215686 0.650980392156863],&apos;Title&apos;,&apos;%&lt;SignalLabel&gt;&apos;,&apos;LinePropertiesCache&apos;,{{}},&apos;UserDefinedChannelNames&apos;,{{}},&apos;NumLines&apos;,1,&apos;LineNames&apos;,{{&apos;y&apos;}},&apos;ShowContent&apos;,true,&apos;Placement&apos;,2),struct(&apos;MinYLimReal&apos;,&apos;-9.04975&apos;,&apos;MaxYLimReal&apos;,&apos;1.87819&apos;,&apos;YLabelReal&apos;,&apos;&apos;,&apos;MinYLimMag&apos;,&apos;0&apos;,&apos;MaxYLimMag&apos;,&apos;10&apos;,&apos;LegendVisibility&apos;,&apos;Off&apos;,&apos;XGrid&apos;,true,&apos;YGrid&apos;,true,&apos;PlotMagPhase&apos;,false,&apos;AxesColor&apos;,[0 0 0],&apos;AxesTickColor&apos;,[0.686274509803922 0.686274509803922 0.686274509803922],&apos;ColorOrder&apos;,[1 1 0.0666666666666667;0.0745098039215686 0.623529411764706 1;1 0.411764705882353 0.16078431372549;0.392156862745098 0.831372549019608 0.0745098039215686;0.717647058823529 0.274509803921569 1;0.0588235294117647 1 1;1 0.0745098039215686 0.650980392156863],&apos;Title&apos;,&apos;%&lt;SignalLabel&gt;&apos;,&apos;LinePropertiesCache&apos;,{{}},&apos;UserDefinedChannelNames&apos;,{{}},&apos;NumLines&apos;,1,&apos;LineNames&apos;,{{&apos;phi&apos;}},&apos;ShowContent&apos;,true,&apos;Placement&apos;,3)},&apos;DisplayPropertyDefaults&apos;,struct(&apos;YLabelReal&apos;,&apos;&apos;,&apos;LegendVisibility&apos;,&apos;Off&apos;,&apos;XGrid&apos;,true,&apos;YGrid&apos;,true,&apos;PlotMagPhase&apos;,false,&apos;AxesColor&apos;,[0 0 0],&apos;AxesTickColor&apos;,[0.686274509803922 0.686274509803922 0.686274509803922],&apos;ColorOrder&apos;,[0.0745098039215686 0.623529411764706 1;1 0.411764705882353 0.16078431372549;1 1 0.0666666666666667;0.717647058823529 0.274509803921569 1;0.392156862745098 0.831372549019608 0.0745098039215686;0.0588235294117647 1 1;1 0.0745098039215686 0.650980392156863]),&apos;DisplayLayoutDimensions&apos;,[3 1],&apos;DisplayContentCache&apos;,[]),extmgr.Configuration(&apos;Tools&apos;,&apos;Plot Navigation&apos;,true,&apos;PreviousAutoscale&apos;,&apos;XY&apos;),extmgr.Configuration(&apos;Tools&apos;,&apos;Measurements&apos;,true,&apos;Version&apos;,&apos;2023b&apos;)),&apos;Version&apos;,&apos;2023b&apos;,&apos;Position&apos;,[781.8 262.6 560 420])</P>
    <P Name="NumInputPorts">3</P>
    <P Name="Floating">off</P>
  </Block>
  <Block BlockType="Scope" Name="qsd" SID="1170">
    <PortCounts in="3"/>
    <P Name="Position">[1635, 531, 1675, 599]</P>
    <P Name="ZOrder">1682</P>
    <P Name="ScopeSpecificationString">Simulink.scopes.TimeScopeBlockCfg(&apos;CurrentConfiguration&apos;, extmgr.ConfigurationSet(extmgr.Configuration(&apos;Core&apos;,&apos;General UI&apos;,true),extmgr.Configuration(&apos;Core&apos;,&apos;Source UI&apos;,true),extmgr.Configuration(&apos;Sources&apos;,&apos;WiredSimulink&apos;,true),extmgr.Configuration(&apos;Visuals&apos;,&apos;Time Domain&apos;,true,&apos;SerializedDisplays&apos;,{struct(&apos;MinYLimReal&apos;,&apos;-6.24999&apos;,&apos;MaxYLimReal&apos;,&apos;6.25&apos;,&apos;YLabelReal&apos;,&apos;&apos;,&apos;MinYLimMag&apos;,&apos;0.00000&apos;,&apos;MaxYLimMag&apos;,&apos;6.25&apos;,&apos;LegendVisibility&apos;,&apos;Off&apos;,&apos;XGrid&apos;,true,&apos;YGrid&apos;,true,&apos;PlotMagPhase&apos;,false,&apos;AxesColor&apos;,[0 0 0],&apos;AxesTickColor&apos;,[0.686274509803922 0.686274509803922 0.686274509803922],&apos;ColorOrder&apos;,[1 1 0.0666666666666667;0.0745098039215686 0.623529411764706 1;1 0.411764705882353 0.16078431372549;0.392156862745098 0.831372549019608 0.0745098039215686;0.717647058823529 0.274509803921569 1;0.0588235294117647 1 1;1 0.0745098039215686 0.650980392156863],&apos;Title&apos;,&apos;%&lt;SignalLabel&gt;&apos;,&apos;LinePropertiesCache&apos;,{{}},&apos;UserDefinedChannelNames&apos;,{{}},&apos;NumLines&apos;,1,&apos;LineNames&apos;,{{&apos;x^d&apos;}},&apos;ShowContent&apos;,true,&apos;Placement&apos;,1),struct(&apos;MinYLimReal&apos;,&apos;-6.24999&apos;,&apos;MaxYLimReal&apos;,&apos;6.24999&apos;,&apos;YLabelReal&apos;,&apos;&apos;,&apos;MinYLimMag&apos;,&apos;0&apos;,&apos;MaxYLimMag&apos;,&apos;10&apos;,&apos;LegendVisibility&apos;,&apos;Off&apos;,&apos;XGrid&apos;,true,&apos;YGrid&apos;,true,&apos;PlotMagPhase&apos;,false,&apos;AxesColor&apos;,[0 0 0],&apos;AxesTickColor&apos;,[0.686274509803922 0.686274509803922 0.686274509803922],&apos;ColorOrder&apos;,[1 1 0.0666666666666667;0.0745098039215686 0.623529411764706 1;1 0.411764705882353 0.16078431372549;0.392156862745098 0.831372549019608 0.0745098039215686;0.717647058823529 0.274509803921569 1;0.0588235294117647 1 1;1 0.0745098039215686 0.650980392156863],&apos;Title&apos;,&apos;%&lt;SignalLabel&gt;&apos;,&apos;LinePropertiesCache&apos;,{{}},&apos;UserDefinedChannelNames&apos;,{{}},&apos;NumLines&apos;,1,&apos;LineNames&apos;,{{&apos;y^d&apos;}},&apos;ShowContent&apos;,true,&apos;Placement&apos;,2),struct(&apos;MinYLimReal&apos;,&apos;-5.49519&apos;,&apos;MaxYLimReal&apos;,&apos;2.35329&apos;,&apos;YLabelReal&apos;,&apos;&apos;,&apos;MinYLimMag&apos;,&apos;0&apos;,&apos;MaxYLimMag&apos;,&apos;10&apos;,&apos;LegendVisibility&apos;,&apos;Off&apos;,&apos;XGrid&apos;,true,&apos;YGrid&apos;,true,&apos;PlotMagPhase&apos;,false,&apos;AxesColor&apos;,[0 0 0],&apos;AxesTickColor&apos;,[0.686274509803922 0.686274509803922 0.686274509803922],&apos;ColorOrder&apos;,[1 1 0.0666666666666667;0.0745098039215686 0.623529411764706 1;1 0.411764705882353 0.16078431372549;0.392156862745098 0.831372549019608 0.0745098039215686;0.717647058823529 0.274509803921569 1;0.0588235294117647 1 1;1 0.0745098039215686 0.650980392156863],&apos;Title&apos;,&apos;%&lt;SignalLabel&gt;&apos;,&apos;LinePropertiesCache&apos;,{{}},&apos;UserDefinedChannelNames&apos;,{{}},&apos;NumLines&apos;,1,&apos;LineNames&apos;,{{&apos;phi^d&apos;}},&apos;ShowContent&apos;,true,&apos;Placement&apos;,3)},&apos;DisplayPropertyDefaults&apos;,struct(&apos;YLabelReal&apos;,&apos;&apos;,&apos;LegendVisibility&apos;,&apos;Off&apos;,&apos;XGrid&apos;,true,&apos;YGrid&apos;,true,&apos;PlotMagPhase&apos;,false,&apos;AxesColor&apos;,[0 0 0],&apos;AxesTickColor&apos;,[0.686274509803922 0.686274509803922 0.686274509803922],&apos;ColorOrder&apos;,[0.0745098039215686 0.623529411764706 1;1 0.411764705882353 0.16078431372549;1 1 0.0666666666666667;0.717647058823529 0.274509803921569 1;0.392156862745098 0.831372549019608 0.0745098039215686;0.0588235294117647 1 1;1 0.0745098039215686 0.650980392156863]),&apos;DisplayLayoutDimensions&apos;,[3 1],&apos;DisplayContentCache&apos;,[]),extmgr.Configuration(&apos;Tools&apos;,&apos;Plot Navigation&apos;,true,&apos;PreviousAutoscale&apos;,&apos;XY&apos;),extmgr.Configuration(&apos;Tools&apos;,&apos;Measurements&apos;,true,&apos;Version&apos;,&apos;2023b&apos;)),&apos;Version&apos;,&apos;2023b&apos;,&apos;Position&apos;,[451 294 560 420])</P>
    <P Name="NumInputPorts">3</P>
    <P Name="Floating">off</P>
  </Block>
  <Block BlockType="Outport" Name="qsbOut" SID="1171">
    <P Name="Position">[1610, 748, 1640, 762]</P>
    <P Name="ZOrder">1679</P>
  </Block>
  <Block BlockType="Outport" Name="qsdOut" SID="1172">
    <P Name="Position">[1415, 508, 1445, 522]</P>
    <P Name="ZOrder">1688</P>
    <P Name="Port">2</P>
  </Block>
  <Block BlockType="Outport" Name="eOut" SID="1173">
    <P Name="Position">[1645, 303, 1675, 317]</P>
    <P Name="ZOrder">1692</P>
    <P Name="Port">3</P>
  </Block>
  <Line>
    <P Name="ZOrder">912</P>
    <P Name="Src">1045#out:1</P>
    <P Name="Points">[34, 0; 0, -170]</P>
    <Branch>
      <P Name="ZOrder">911</P>
      <P Name="Points">[0, -50]</P>
      <P Name="Dst">1173#in:1</P>
    </Branch>
    <Branch>
      <P Name="ZOrder">910</P>
      <P Name="Dst">1168#in:1</P>
    </Branch>
  </Line>
  <Line>
    <P Name="Name">y</P>
    <P Name="ZOrder">915</P>
    <P Name="Labels">[0, 0]</P>
    <P Name="Src">1041#out:2</P>
    <P Name="Points">[100, 0]</P>
    <Branch>
      <P Name="ZOrder">914</P>
      <P Name="Dst">1169#in:2</P>
    </Branch>
    <Branch>
      <P Name="ZOrder">913</P>
      <P Name="Points">[0, -175]</P>
      <P Name="Dst">1043#in:2</P>
    </Branch>
  </Line>
  <Line>
    <P Name="Name">phi</P>
    <P Name="ZOrder">917</P>
    <P Name="Labels">[0, 0]</P>
    <P Name="Src">1041#out:3</P>
    <P Name="Dst">1169#in:3</P>
  </Line>
  <Line>
    <P Name="Name">y</P>
    <P Name="ZOrder">918</P>
    <P Name="Labels">[1, 1]</P>
    <P Name="Src">1043#out:1</P>
    <P Name="Points">[37, 0; 0, -25]</P>
    <P Name="Dst">1167#in:2</P>
  </Line>
  <Line>
    <P Name="ZOrder">923</P>
    <P Name="Src">1045#out:2</P>
    <P Name="Points">[448, 0]</P>
    <Branch>
      <P Name="ZOrder">922</P>
      <P Name="Points">[0, -50]</P>
      <P Name="Dst">1172#in:1</P>
    </Branch>
    <Branch>
      <P Name="ZOrder">921</P>
      <P Name="Dst">1040#in:1</P>
    </Branch>
  </Line>
  <Line>
    <P Name="Name">x</P>
    <P Name="ZOrder">924</P>
    <P Name="Labels">[1, 1]</P>
    <P Name="Src">1042#out:1</P>
    <P Name="Dst">1167#in:1</P>
  </Line>
  <Line>
    <P Name="Name">x</P>
    <P Name="ZOrder">927</P>
    <P Name="Labels">[0, 0]</P>
    <P Name="Src">1041#out:1</P>
    <P Name="Points">[87, 0]</P>
    <Branch>
      <P Name="ZOrder">926</P>
      <P Name="Dst">1169#in:1</P>
    </Branch>
    <Branch>
      <P Name="ZOrder">925</P>
      <P Name="Points">[0, -195]</P>
      <P Name="Dst">1042#in:2</P>
    </Branch>
  </Line>
  <Line>
    <P Name="Name">x^d</P>
    <P Name="ZOrder">930</P>
    <P Name="Labels">[0, 0]</P>
    <P Name="Src">1040#out:1</P>
    <P Name="Points">[36, 0]</P>
    <Branch>
      <P Name="ZOrder">929</P>
      <P Name="Dst">1170#in:1</P>
    </Branch>
    <Branch>
      <P Name="ZOrder">928</P>
      <P Name="Points">[0, -120]</P>
      <P Name="Dst">1042#in:1</P>
    </Branch>
  </Line>
  <Line>
    <P Name="Name">y^d</P>
    <P Name="ZOrder">933</P>
    <P Name="Labels">[0, 0]</P>
    <P Name="Src">1040#out:2</P>
    <P Name="Points">[59, 0]</P>
    <Branch>
      <P Name="ZOrder">932</P>
      <P Name="Points">[0, -100]</P>
      <P Name="Dst">1043#in:1</P>
    </Branch>
    <Branch>
      <P Name="ZOrder">931</P>
      <P Name="Dst">1170#in:2</P>
    </Branch>
  </Line>
  <Line>
    <P Name="Name">qsb</P>
    <P Name="ZOrder">938</P>
    <P Name="Labels">[0, 0]</P>
    <P Name="Src">1159#out:1</P>
    <P Name="Points">[58, 0; 0, 40]</P>
    <Branch>
      <P Name="ZOrder">937</P>
      <P Name="Points">[0, 95]</P>
      <Branch>
        <P Name="ZOrder">936</P>
        <P Name="Points">[-612, 0; 0, -170]</P>
        <P Name="Dst">1045#in:1</P>
      </Branch>
      <Branch>
        <P Name="ZOrder">935</P>
        <P Name="Dst">1171#in:1</P>
      </Branch>
    </Branch>
    <Branch>
      <P Name="ZOrder">934</P>
      <P Name="Dst">1041#in:1</P>
    </Branch>
  </Line>
  <Line>
    <P Name="Name">phi^d</P>
    <P Name="ZOrder">940</P>
    <P Name="Labels">[0, 0]</P>
    <P Name="Src">1040#out:3</P>
    <P Name="Dst">1170#in:3</P>
  </Line>
  <Line>
    <P Name="ZOrder">941</P>
    <P Name="Src">1045#out:3</P>
    <P Name="Dst">1174#in:1</P>
  </Line>
  <Line>
    <P Name="ZOrder">942</P>
    <P Name="Src">1045#out:4</P>
    <P Name="Dst">1174#in:2</P>
  </Line>
  <Line>
    <P Name="ZOrder">943</P>
    <P Name="Src">1174#out:1</P>
    <P Name="Points">[36, 0]</P>
    <Branch>
      <P Name="ZOrder">949</P>
      <P Name="Points">[0, -69]</P>
      <Branch>
        <P Name="ZOrder">953</P>
        <P Name="Points">[-45, 0; 0, -116]</P>
        <P Name="Dst">1194#in:1</P>
      </Branch>
      <Branch>
        <P Name="ZOrder">952</P>
        <P Name="Points">[0, -16; 19, 0]</P>
        <P Name="Dst">1189#in:1</P>
      </Branch>
    </Branch>
    <Branch>
      <P Name="ZOrder">948</P>
      <P Name="Dst">1159#in:1</P>
    </Branch>
  </Line>
  <Line>
    <P Name="ZOrder">944</P>
    <P Name="Src">1174#out:2</P>
    <P Name="Points">[36, 0]</P>
    <Branch>
      <P Name="ZOrder">951</P>
      <P Name="Points">[0, 44]</P>
      <Branch>
        <P Name="ZOrder">955</P>
        <P Name="Points">[-56, 0]</P>
        <P Name="Dst">1195#in:1</P>
      </Branch>
      <Branch>
        <P Name="ZOrder">954</P>
        <P Name="Points">[0, 26]</P>
        <P Name="Dst">1193#in:1</P>
      </Branch>
    </Branch>
    <Branch>
      <P Name="ZOrder">950</P>
      <P Name="Dst">1159#in:2</P>
    </Branch>
  </Line>
</System>
