<?xml version="1.0" encoding="utf-8"?>
<System>
  <P Name="Location">[-1921, -8, -383, 825]</P>
  <P Name="ZoomFactor">80</P>
  <Block BlockType="Inport" Name="x" SID="1136">
    <P Name="Position">[360, -107, 390, -93]</P>
    <P Name="ZOrder">340</P>
    <PortProperties>
      <Port Type="out" Index="1">
        <P Name="Name">x</P>
        <P Name="PropagatedSignals">e</P>
      </Port>
    </PortProperties>
  </Block>
  <Block BlockType="Inport" Name="y" SID="1137">
    <P Name="Position">[360, 198, 390, 212]</P>
    <P Name="ZOrder">352</P>
    <P Name="Port">2</P>
    <PortProperties>
      <Port Type="out" Index="1">
        <P Name="Name">y</P>
      </Port>
    </PortProperties>
  </Block>
  <Block BlockType="Inport" Name="phi" SID="1138">
    <P Name="Position">[20, 238, 50, 252]</P>
    <P Name="ZOrder">343</P>
    <P Name="Port">3</P>
    <PortProperties>
      <Port Type="out" Index="1">
        <P Name="PropagatedSignals">phi</P>
      </Port>
    </PortProperties>
  </Block>
  <Block BlockType="Sum" Name="Add" SID="1139">
    <PortCounts in="3" out="1"/>
    <P Name="Position">[455, -26, 485, 6]</P>
    <P Name="ZOrder">348</P>
    <P Name="IconShape">rectangular</P>
    <P Name="Inputs">++-</P>
    <PortProperties>
      <Port Type="out" Index="1">
        <P Name="Name">xp</P>
      </Port>
    </PortProperties>
  </Block>
  <Block BlockType="Sum" Name="Add1" SID="1140">
    <PortCounts in="3" out="1"/>
    <P Name="Position">[455, 89, 485, 121]</P>
    <P Name="ZOrder">351</P>
    <P Name="IconShape">rectangular</P>
    <P Name="Inputs">+++</P>
    <PortProperties>
      <Port Type="out" Index="1">
        <P Name="Name">yp</P>
      </Port>
    </PortProperties>
  </Block>
  <Block BlockType="Mux" Name="Mux" SID="1141">
    <PortCounts in="2" out="1"/>
    <P Name="Position">[550, 31, 555, 69]</P>
    <P Name="ZOrder">355</P>
    <P Name="Inputs">2</P>
    <P Name="DisplayOption">bar</P>
  </Block>
  <Block BlockType="Product" Name="Product" SID="1142">
    <PortCounts in="2" out="1"/>
    <P Name="Position">[320, -58, 350, -27]</P>
    <P Name="ZOrder">346</P>
  </Block>
  <Block BlockType="Product" Name="Product1" SID="1143">
    <PortCounts in="2" out="1"/>
    <P Name="Position">[320, 2, 350, 33]</P>
    <P Name="ZOrder">347</P>
  </Block>
  <Block BlockType="Product" Name="Product2" SID="1144">
    <PortCounts in="2" out="1"/>
    <P Name="Position">[320, 62, 350, 93]</P>
    <P Name="ZOrder">349</P>
  </Block>
  <Block BlockType="Product" Name="Product3" SID="1145">
    <PortCounts in="2" out="1"/>
    <P Name="Position">[320, 122, 350, 153]</P>
    <P Name="ZOrder">350</P>
  </Block>
  <Block BlockType="Trigonometry" Name="Sin" SID="1146">
    <PortCounts in="1" out="2"/>
    <P Name="Position">[125, 227, 155, 258]</P>
    <P Name="ZOrder">344</P>
    <P Name="Operator">sincos</P>
    <PortProperties>
      <Port Type="out" Index="1">
        <P Name="Name">sin</P>
      </Port>
      <Port Type="out" Index="2">
        <P Name="Name">cos</P>
      </Port>
    </PortProperties>
  </Block>
  <Block BlockType="Constant" Name="xr" SID="1147">
    <P Name="Position">[90, -25, 120, 5]</P>
    <P Name="ZOrder">353</P>
    <P Name="Value">xr</P>
    <PortProperties>
      <Port Type="out" Index="1">
        <P Name="Name">xr</P>
      </Port>
    </PortProperties>
  </Block>
  <Block BlockType="Constant" Name="yr" SID="1148">
    <P Name="Position">[90, 30, 120, 60]</P>
    <P Name="ZOrder">354</P>
    <P Name="Value">yr</P>
    <PortProperties>
      <Port Type="out" Index="1">
        <P Name="Name">yr</P>
      </Port>
    </PortProperties>
  </Block>
  <Block BlockType="Outport" Name="P" SID="1149">
    <P Name="Position">[590, 43, 620, 57]</P>
    <P Name="ZOrder">341</P>
  </Block>
  <Line>
    <P Name="ZOrder">1</P>
    <P Name="Src">1138#out:1</P>
    <P Name="Dst">1146#in:1</P>
  </Line>
  <Line>
    <P Name="Name">xr</P>
    <P Name="ZOrder">2</P>
    <P Name="Labels">[0, 0]</P>
    <P Name="Src">1147#out:1</P>
    <P Name="Points">[77, 0]</P>
    <Branch>
      <P Name="ZOrder">3</P>
      <P Name="Labels">[-1, 1]</P>
      <P Name="Points">[0, 80]</P>
      <P Name="Dst">1144#in:1</P>
    </Branch>
    <Branch>
      <P Name="ZOrder">4</P>
      <P Name="Labels">[-1, 1]</P>
      <P Name="Points">[0, -40]</P>
      <P Name="Dst">1142#in:1</P>
    </Branch>
  </Line>
  <Line>
    <P Name="Name">yr</P>
    <P Name="ZOrder">5</P>
    <P Name="Labels">[0, 0]</P>
    <P Name="Src">1148#out:1</P>
    <P Name="Points">[91, 0]</P>
    <Branch>
      <P Name="ZOrder">6</P>
      <P Name="Labels">[-1, 1]</P>
      <P Name="Points">[0, 85]</P>
      <P Name="Dst">1145#in:1</P>
    </Branch>
    <Branch>
      <P Name="ZOrder">7</P>
      <P Name="Labels">[-1, 1]</P>
      <P Name="Points">[2, 0; 0, -35]</P>
      <P Name="Dst">1143#in:1</P>
    </Branch>
  </Line>
  <Line>
    <P Name="Name">cos</P>
    <P Name="ZOrder">8</P>
    <P Name="Labels">[1, 1]</P>
    <P Name="Src">1146#out:2</P>
    <P Name="Points">[84, 0; 0, -105]</P>
    <Branch>
      <P Name="ZOrder">9</P>
      <P Name="Labels">[-1, 0]</P>
      <P Name="Dst">1145#in:2</P>
    </Branch>
    <Branch>
      <P Name="ZOrder">10</P>
      <P Name="Labels">[-1, 0]</P>
      <P Name="Points">[0, -180]</P>
      <P Name="Dst">1142#in:2</P>
    </Branch>
  </Line>
  <Line>
    <P Name="Name">sin</P>
    <P Name="ZOrder">11</P>
    <P Name="Labels">[1, 1]</P>
    <P Name="Src">1146#out:1</P>
    <P Name="Points">[108, 0; 0, -150]</P>
    <Branch>
      <P Name="ZOrder">12</P>
      <P Name="Labels">[-1, 0]</P>
      <P Name="Dst">1144#in:2</P>
    </Branch>
    <Branch>
      <P Name="ZOrder">13</P>
      <P Name="Labels">[-1, 0]</P>
      <P Name="Points">[0, -60]</P>
      <P Name="Dst">1143#in:2</P>
    </Branch>
  </Line>
  <Line>
    <P Name="ZOrder">14</P>
    <P Name="Src">1142#out:1</P>
    <P Name="Points">[48, 0; 0, 30]</P>
    <P Name="Dst">1139#in:2</P>
  </Line>
  <Line>
    <P Name="ZOrder">15</P>
    <P Name="Src">1143#out:1</P>
    <P Name="Points">[76, 0; 0, -20]</P>
    <P Name="Dst">1139#in:3</P>
  </Line>
  <Line>
    <P Name="ZOrder">16</P>
    <P Name="Src">1144#out:1</P>
    <P Name="Points">[63, 0; 0, 15]</P>
    <P Name="Dst">1140#in:1</P>
  </Line>
  <Line>
    <P Name="ZOrder">17</P>
    <P Name="Src">1145#out:1</P>
    <P Name="Points">[57, 0; 0, -35]</P>
    <P Name="Dst">1140#in:2</P>
  </Line>
  <Line>
    <P Name="Name">xp</P>
    <P Name="ZOrder">18</P>
    <P Name="Labels">[1, 1]</P>
    <P Name="Src">1139#out:1</P>
    <P Name="Points">[28, 0; 0, 50]</P>
    <P Name="Dst">1141#in:1</P>
  </Line>
  <Line>
    <P Name="Name">yp</P>
    <P Name="ZOrder">19</P>
    <P Name="Labels">[1, 1]</P>
    <P Name="Src">1140#out:1</P>
    <P Name="Points">[33, 0; 0, -45]</P>
    <P Name="Dst">1141#in:2</P>
  </Line>
  <Line>
    <P Name="Name">x</P>
    <P Name="ZOrder">20</P>
    <P Name="Labels">[0, 0]</P>
    <P Name="Src">1136#out:1</P>
    <P Name="Points">[34, 0; 0, 80]</P>
    <P Name="Dst">1139#in:1</P>
  </Line>
  <Line>
    <P Name="Name">y</P>
    <P Name="ZOrder">21</P>
    <P Name="Labels">[0, 0]</P>
    <P Name="Src">1137#out:1</P>
    <P Name="Points">[28, 0; 0, -90]</P>
    <P Name="Dst">1140#in:3</P>
  </Line>
  <Line>
    <P Name="ZOrder">22</P>
    <P Name="Src">1141#out:1</P>
    <P Name="Dst">1149#in:1</P>
  </Line>
</System>
