<?xml version="1.0" encoding="utf-8"?>
<System>
  <P Name="Location">[-1, -7, 1537, 817]</P>
  <Block BlockType="Inport" Name="P" SID="1086">
    <P Name="Position">[20, 63, 50, 77]</P>
    <P Name="ZOrder">443</P>
    <P Name="HideAutomaticName">off</P>
  </Block>
  <Block BlockType="SubSystem" Name="Circle" SID="1087">
    <PortCounts in="1" out="2"/>
    <P Name="Position">[70, 19, 190, 121]</P>
    <P Name="ZOrder">442</P>
    <P Name="HideAutomaticName">off</P>
    <P Name="VariantControl">Circle</P>
    <P Name="ContentPreviewEnabled">on</P>
    <PortProperties>
      <Port Type="out" Index="2">
        <P Name="PropagatedSignals">Xsd</P>
      </Port>
    </PortProperties>
    <System Ref="system_1087"/>
  </Block>
  <Block BlockType="SubSystem" Name="Line" SID="1108">
    <PortCounts in="1" out="2"/>
    <P Name="Position">[70, 164, 190, 266]</P>
    <P Name="ZOrder">446</P>
    <P Name="HideAutomaticName">off</P>
    <P Name="VariantControl">Line</P>
    <P Name="ContentPreviewEnabled">on</P>
    <PortProperties>
      <Port Type="out" Index="2">
        <P Name="PropagatedSignals">Xsd</P>
      </Port>
    </PortProperties>
    <System Ref="system_1108"/>
  </Block>
  <Block BlockType="Outport" Name="qd" SID="1133">
    <P Name="Position">[210, 38, 240, 52]</P>
    <P Name="ZOrder">444</P>
    <P Name="HideAutomaticName">off</P>
  </Block>
  <Block BlockType="Outport" Name="Xsd" SID="1134">
    <P Name="Position">[210, 88, 240, 102]</P>
    <P Name="ZOrder">445</P>
    <P Name="HideAutomaticName">off</P>
    <P Name="Port">2</P>
  </Block>
</System>
