<?xml version="1.0" encoding="utf-8"?>
<System>
  <P Name="Location">[-1, -7, 1537, 817]</P>
  <Block BlockType="Inport" Name="xy" SID="1055">
    <P Name="Position">[-10, 63, 20, 77]</P>
    <P Name="ZOrder">443</P>
    <P Name="HideAutomaticName">off</P>
  </Block>
  <Block BlockType="SubSystem" Name="Circle" SID="1056">
    <PortCounts in="1" out="1"/>
    <P Name="Position">[70, 19, 190, 121]</P>
    <P Name="ZOrder">442</P>
    <P Name="HideAutomaticName">off</P>
    <P Name="VariantControl">Circle</P>
    <P Name="ContentPreviewEnabled">on</P>
    <System Ref="system_1056"/>
  </Block>
  <Block BlockType="SubSystem" Name="Line" SID="1069">
    <PortCounts in="1" out="1"/>
    <P Name="Position">[70, 164, 190, 266]</P>
    <P Name="ZOrder">446</P>
    <P Name="HideAutomaticName">off</P>
    <P Name="VariantControl">Line</P>
    <P Name="ContentPreviewEnabled">on</P>
    <System Ref="system_1069"/>
  </Block>
  <Block BlockType="Outport" Name="e" SID="1084">
    <P Name="Position">[210, 38, 240, 52]</P>
    <P Name="ZOrder">444</P>
    <P Name="HideAutomaticName">off</P>
  </Block>
</System>
