<?xml version="1.0" encoding="utf-8"?>
<System>
  <P Name="Location">[-1, -7, 1537, 817]</P>
  <P Name="ZoomFactor">150</P>
  <Block BlockType="Inport" Name="xy" SID="1070">
    <P Name="Position">[85, 48, 115, 62]</P>
    <P Name="ZOrder">440</P>
  </Block>
  <Block BlockType="Constant" Name="1" SID="1071">
    <P Name="Position">[85, 305, 115, 335]</P>
    <P Name="ZOrder">446</P>
  </Block>
  <Block BlockType="Product" Name="Divide" SID="1072">
    <PortCounts in="2" out="1"/>
    <P Name="Position">[645, 117, 675, 148]</P>
    <P Name="ZOrder">464</P>
    <P Name="Inputs">*/</P>
  </Block>
  <Block BlockType="Gain" Name="Multiply" SID="1073">
    <P Name="Position">[170, 240, 200, 270]</P>
    <P Name="ZOrder">457</P>
    <P Name="Gain">-1</P>
  </Block>
  <Block BlockType="Mux" Name="Mux1" SID="1074">
    <PortCounts in="2" out="1"/>
    <P Name="Position">[270, 246, 275, 284]</P>
    <P Name="ZOrder">445</P>
    <P Name="Inputs">2</P>
    <P Name="DisplayOption">bar</P>
    <PortProperties>
      <Port Type="out" Index="1">
        <P Name="Name">s</P>
      </Port>
    </PortProperties>
  </Block>
  <Block BlockType="Product" Name="Product1" SID="1075">
    <PortCounts in="2" out="1"/>
    <P Name="Position">[325, 47, 375, 78]</P>
    <P Name="ZOrder">462</P>
    <P Name="Multiplication">Matrix(*)</P>
  </Block>
  <Block BlockType="Product" Name="Product2" SID="1076">
    <PortCounts in="2" out="1"/>
    <P Name="Position">[455, 237, 505, 268]</P>
    <P Name="ZOrder">459</P>
    <P Name="Multiplication">Matrix(*)</P>
  </Block>
  <Block BlockType="Sqrt" Name="Sqrt" SID="1077">
    <P Name="Position">[545, 240, 575, 270]</P>
    <P Name="ZOrder">460</P>
  </Block>
  <Block BlockType="Sum" Name="Sum" SID="1078">
    <PortCounts in="2" out="1"/>
    <P Name="Position">[435, 55, 455, 75]</P>
    <P Name="ZOrder">444</P>
    <P Name="Inputs">|+-</P>
  </Block>
  <Block BlockType="Math" Name="Transpose2" SID="1079">
    <PortCounts in="1" out="1"/>
    <P Name="Position">[385, 229, 415, 261]</P>
    <P Name="ZOrder">458</P>
    <P Name="Operator">transpose</P>
    <PortProperties>
      <Port Type="out" Index="1">
        <P Name="Name">p_&apos;</P>
      </Port>
    </PortProperties>
  </Block>
  <Block BlockType="Constant" Name="c" SID="1080">
    <P Name="Position">[85, 140, 115, 170]</P>
    <P Name="ZOrder">443</P>
    <P Name="Value">c</P>
  </Block>
  <Block BlockType="Constant" Name="m" SID="1081">
    <P Name="Position">[85, 240, 115, 270]</P>
    <P Name="ZOrder">447</P>
    <P Name="Value">m</P>
  </Block>
  <Block BlockType="Outport" Name="e" SID="1082">
    <P Name="Position">[715, 128, 745, 142]</P>
    <P Name="ZOrder">441</P>
  </Block>
  <Line>
    <P Name="Name">s</P>
    <P Name="ZOrder">1</P>
    <P Name="Labels">[1, 1]</P>
    <P Name="Src">1074#out:1</P>
    <P Name="Points">[34, 0]</P>
    <Branch>
      <P Name="ZOrder">2</P>
      <P Name="Points">[121, 0; 0, -5]</P>
      <P Name="Dst">1076#in:2</P>
    </Branch>
    <Branch>
      <P Name="ZOrder">3</P>
      <P Name="Points">[0, -20]</P>
      <Branch>
        <P Name="ZOrder">4</P>
        <P Name="Points">[0, -175]</P>
        <P Name="Dst">1075#in:2</P>
      </Branch>
      <Branch>
        <P Name="ZOrder">5</P>
        <P Name="Dst">1079#in:1</P>
      </Branch>
    </Branch>
  </Line>
  <Line>
    <P Name="ZOrder">6</P>
    <P Name="Src">1081#out:1</P>
    <P Name="Dst">1073#in:1</P>
  </Line>
  <Line>
    <P Name="ZOrder">8</P>
    <P Name="Src">1080#out:1</P>
    <P Name="Points">[325, 0]</P>
    <P Name="Dst">1078#in:2</P>
  </Line>
  <Line>
    <P Name="ZOrder">9</P>
    <P Name="Src">1070#out:1</P>
    <P Name="Dst">1075#in:1</P>
  </Line>
  <Line>
    <P Name="ZOrder">10</P>
    <P Name="Src">1072#out:1</P>
    <P Name="Dst">1082#in:1</P>
  </Line>
  <Line>
    <P Name="Name">p_&apos;</P>
    <P Name="ZOrder">12</P>
    <P Name="Labels">[0, 0]</P>
    <P Name="Src">1079#out:1</P>
    <P Name="Dst">1076#in:1</P>
  </Line>
  <Line>
    <P Name="ZOrder">13</P>
    <P Name="Src">1076#out:1</P>
    <P Name="Dst">1077#in:1</P>
  </Line>
  <Line>
    <P Name="ZOrder">14</P>
    <P Name="Src">1075#out:1</P>
    <P Name="Dst">1078#in:1</P>
  </Line>
  <Line>
    <P Name="ZOrder">15</P>
    <P Name="Src">1078#out:1</P>
    <P Name="Points">[156, 0; 0, 60]</P>
    <P Name="Dst">1072#in:1</P>
  </Line>
  <Line>
    <P Name="ZOrder">16</P>
    <P Name="Src">1077#out:1</P>
    <P Name="Points">[30, 0; 0, -115]</P>
    <P Name="Dst">1072#in:2</P>
  </Line>
  <Line>
    <P Name="ZOrder">17</P>
    <P Name="Src">1073#out:1</P>
    <P Name="Dst">1074#in:1</P>
  </Line>
  <Line>
    <P Name="ZOrder">18</P>
    <P Name="Src">1071#out:1</P>
    <P Name="Points">[73, 0; 0, -45]</P>
    <P Name="Dst">1074#in:2</P>
  </Line>
  <Annotation SID="1083">
    <P Name="Name">&lt;!DOCTYPE HTML PUBLIC &apos;-//W3C//DTD HTML 4.0//EN&apos; &apos;http://www.w3.org/TR/REC-html40/strict.dtd&apos;&gt;
&lt;html&gt;
&lt;head&gt;
&lt;meta name=&quot;qrichtext&quot; content=&quot;1&quot;/&gt;
&lt;style type=&quot;text/css&quot;&gt;
p, li { white-space: pre-wrap; }
&lt;/style&gt;
&lt;/head&gt;
&lt;body align=&quot;left&quot; style=&quot; font-family:&apos;Helvetica&apos;; font-size:10px; font-weight:400; font-style:normal;&quot;&gt;
&lt;p align=&quot;left&quot; style=&quot; margin-top:0px; margin-bottom:0px; margin-left:0px; margin-right:0px; -qt-block-indent:0; text-indent:0px;&quot;&gt;
&lt;span style=&quot; font-size:14px;&quot;&gt;Calculate the distance pof the point from the path (line):&lt;/span&gt;
&lt;/p&gt;
&lt;p align=&quot;left&quot; style=&quot; margin-top:0px; margin-bottom:0px; margin-left:0px; margin-right:0px; -qt-block-indent:0; text-indent:0px;&quot;&gt;
&lt;math style=&quot;font-size:14px;&quot;&gt;$\frac{\vert y-mx-c \vert}{\sqrt{1+m^2}}$&lt;/math&gt;
&lt;/p&gt;
&lt;/body&gt;
&lt;/html&gt;
</P>
    <P Name="Position">[138, -33, 483, 29]</P>
    <P Name="InternalMargins">[0, 0, 0, 0]</P>
    <P Name="Interpreter">rich</P>
    <P Name="ZOrder">-1</P>
  </Annotation>
</System>
