<?xml version="1.0" encoding="utf-8"?>
<System>
  <P Name="Location">[-1, -7, 1537, 817]</P>
  <P Name="ZoomFactor">110</P>
  <Block BlockType="Inport" Name="qsb" SID="1046">
    <P Name="Position">[-250, 53, -220, 67]</P>
    <P Name="ZOrder">1633</P>
    <P Name="NameLocation">top</P>
    <PortProperties>
      <Port Type="out" Index="1">
        <P Name="PropagatedSignals">qsb</P>
      </Port>
    </PortProperties>
  </Block>
  <Block BlockType="Reference" Name="Coordinate Transformation Conversion" SID="1047">
    <PortCounts in="1" out="2"/>
    <P Name="Position">[130, 160, 280, 220]</P>
    <P Name="ZOrder">1639</P>
    <P Name="HideAutomaticName">off</P>
    <P Name="LibrarySourceBlock">robotutilslib/Coordinate Transformation Conversion</P>
    <P Name="LibraryVersion">9.0</P>
    <P Name="SourceBlock">robotcorelib/Coordinate Transformation Conversion</P>
    <P Name="SourceType">robotics.slcore.internal.block.CoordinateTransformationConversion</P>
    <InstanceData>
      <P Name="InputRepresentation">Homogeneous Transformation</P>
      <P Name="InputEulerSequence">ZYX</P>
      <P Name="ShowTrVecInputPort">on</P>
      <P Name="OutputRepresentation">Euler Angles</P>
      <P Name="OutputEulerSequence">ZYX</P>
      <P Name="ShowTrVecOutputPort">on</P>
      <P Name="SimulateUsing">Interpreted execution</P>
    </InstanceData>
  </Block>
  <Block BlockType="Selector" Name="Selector" SID="1048">
    <PortCounts in="1" out="1"/>
    <P Name="Position">[320, 186, 360, 224]</P>
    <P Name="ZOrder">1640</P>
    <P Name="InputPortWidth">3</P>
    <P Name="IndexOptions">Index vector (dialog)</P>
    <P Name="Indices">[1 2]</P>
    <P Name="OutputSizes">1</P>
  </Block>
  <Block BlockType="Selector" Name="Selector1" SID="1049">
    <PortCounts in="1" out="1"/>
    <P Name="Position">[320, 136, 360, 174]</P>
    <P Name="ZOrder">1641</P>
    <P Name="InputPortWidth">3</P>
    <P Name="IndexOptions">Index vector (dialog)</P>
    <P Name="Indices">1</P>
    <P Name="OutputSizes">1</P>
  </Block>
  <Block BlockType="SubSystem" Name="Space to Body" SID="1050">
    <PortCounts in="2" out="1"/>
    <P Name="Position">[-15, 48, 80, 152]</P>
    <P Name="ZOrder">1632</P>
    <P Name="ErrorFcn">Stateflow.Translate.translate</P>
    <P Name="PermitHierarchicalResolution">ExplicitOnly</P>
    <P Name="TreatAsAtomicUnit">on</P>
    <P Name="SFBlockType">MATLAB Function</P>
    <P Name="ContentPreviewEnabled">on</P>
    <PortProperties>
      <Port Type="out" Index="1">
        <P Name="Name">Xbd</P>
        <P Name="PropagatedSignals">Xbd</P>
      </Port>
    </PortProperties>
    <System Ref="system_1050"/>
  </Block>
  <Block BlockType="SubSystem" Name="Trajectory Space Frame" SID="1051">
    <PortCounts in="1" out="3"/>
    <P Name="Position">[-135, -28, -70, 98]</P>
    <P Name="ZOrder">1636</P>
    <P Name="ContentPreviewEnabled">on</P>
    <Mask>
      <Display RunInitForIconRedraw="off"/>
      <MaskParameter Name="xr" Type="promote">
        <Prompt>xr</Prompt>
        <Value>0.3</Value>
        <Alias>constval</Alias>
        <TypeOptions>
          <Option>Reference Point/xr/Value</Option>
        </TypeOptions>
      </MaskParameter>
      <MaskParameter Name="yr" Type="promote">
        <Prompt>yr</Prompt>
        <Value>0</Value>
        <TypeOptions>
          <Option>Reference Point/yr/Value</Option>
        </TypeOptions>
      </MaskParameter>
      <MaskParameter Name="PathType" Type="promote" Evaluate="off" Tunable="off">
        <Prompt>Type of path</Prompt>
        <Value>Circle</Value>
        <Alias>OverrideUsingVariant</Alias>
        <TypeOptions>
          <Option>Distance from path/PathType</Option>
          <Option>Find point on path/PathType</Option>
        </TypeOptions>
      </MaskParameter>
      <MaskParameter Name="xc" Type="promote">
        <Prompt>Centre x coord</Prompt>
        <Value>0</Value>
        <Alias>constvalxc</Alias>
        <TypeOptions>
          <Option>Distance from path/xc</Option>
          <Option>Find point on path/xc</Option>
        </TypeOptions>
      </MaskParameter>
      <MaskParameter Name="yc" Type="promote">
        <Prompt>Centre y coord</Prompt>
        <Value>0</Value>
        <Alias>constvalyc</Alias>
        <TypeOptions>
          <Option>Distance from path/yc</Option>
          <Option>Find point on path/yc</Option>
        </TypeOptions>
      </MaskParameter>
      <MaskParameter Name="r" Type="promote">
        <Prompt>Radius</Prompt>
        <Value>5</Value>
        <Alias>constvalr</Alias>
        <TypeOptions>
          <Option>Distance from path/r</Option>
          <Option>Find point on path/r</Option>
        </TypeOptions>
      </MaskParameter>
      <MaskParameter Name="m" Type="promote">
        <Prompt>m:</Prompt>
        <Value>1</Value>
        <Alias>constvalm</Alias>
        <TypeOptions>
          <Option>Distance from path/m</Option>
          <Option>Find point on path/m</Option>
        </TypeOptions>
      </MaskParameter>
      <MaskParameter Name="c" Type="promote">
        <Prompt>c:</Prompt>
        <Value>0</Value>
        <Alias>constvalc</Alias>
        <TypeOptions>
          <Option>Distance from path/c</Option>
          <Option>Find point on path/c</Option>
        </TypeOptions>
      </MaskParameter>
      <DialogControl Type="Group" Name="DescGroupVar">
        <Prompt>%&lt;MaskType&gt;</Prompt>
        <DialogControl Type="Text" Name="DescTextVar">
          <Prompt>%&lt;MaskDescription&gt;</Prompt>
        </DialogControl>
      </DialogControl>
      <DialogControl Type="Group" Name="ParameterGroupVar">
        <Prompt>Reference Point</Prompt>
        <DialogControl Type="Edit" Name="xr">
          <Prompt>xr</Prompt>
          <ControlOptions PromptLocation="left"/>
        </DialogControl>
        <DialogControl Type="Edit" Name="yr">
          <Prompt>yr</Prompt>
          <ControlOptions Row="current" PromptLocation="left"/>
        </DialogControl>
      </DialogControl>
      <DialogControl Type="Group" Name="Container3">
        <DialogControl Type="Popup" Name="PathType">
          <Prompt>Type of path</Prompt>
          <ControlOptions PromptLocation="left"/>
        </DialogControl>
        <DialogControl Type="Group" Name="Container4">
          <Prompt>Line parameters</Prompt>
          <DialogControl Type="Edit" Name="m">
            <Prompt>m:</Prompt>
            <ControlOptions PromptLocation="left"/>
          </DialogControl>
          <DialogControl Type="Edit" Name="c">
            <Prompt>c:</Prompt>
            <ControlOptions Row="current" PromptLocation="left"/>
          </DialogControl>
        </DialogControl>
        <DialogControl Type="Group" Name="Container5">
          <Prompt>Circle Paramters</Prompt>
          <DialogControl Type="Edit" Name="xc">
            <Prompt>Centre x coord</Prompt>
            <ControlOptions PromptLocation="left"/>
          </DialogControl>
          <DialogControl Type="Edit" Name="yc">
            <Prompt>Centre y coord</Prompt>
            <ControlOptions Row="current" PromptLocation="left"/>
          </DialogControl>
          <DialogControl Type="Edit" Name="r">
            <Prompt>Radius</Prompt>
            <ControlOptions PromptLocation="left"/>
          </DialogControl>
        </DialogControl>
      </DialogControl>
    </Mask>
    <PortProperties>
      <Port Type="out" Index="3">
        <P Name="PropagatedSignals">Xsd</P>
      </Port>
    </PortProperties>
    <System Ref="system_1051"/>
  </Block>
  <Block BlockType="Concatenate" Name="Vector&#xA;Concatenate" SID="1154">
    <PortCounts in="2" out="1"/>
    <P Name="Position">[415, 146, 420, 184]</P>
    <P Name="ZOrder">1643</P>
  </Block>
  <Block BlockType="Outport" Name="e" SID="1155">
    <P Name="Position">[375, 28, 405, 42]</P>
    <P Name="ZOrder">1637</P>
  </Block>
  <Block BlockType="Outport" Name="qsd" SID="1156">
    <P Name="Position">[375, -12, 405, 2]</P>
    <P Name="ZOrder">1634</P>
    <P Name="Port">2</P>
  </Block>
  <Block BlockType="Outport" Name="Xbd" SID="1157">
    <P Name="Position">[375, 93, 405, 107]</P>
    <P Name="ZOrder">1635</P>
    <P Name="Port">3</P>
  </Block>
  <Block BlockType="Outport" Name="qbd" SID="1158">
    <P Name="Position">[440, 158, 470, 172]</P>
    <P Name="ZOrder">1644</P>
    <P Name="Port">4</P>
  </Block>
  <Line>
    <P Name="ZOrder">1</P>
    <P Name="Src">1046#out:1</P>
    <P Name="Points">[43, 0]</P>
    <Branch>
      <P Name="ZOrder">2</P>
      <P Name="Points">[0, -25]</P>
      <P Name="Dst">1051#in:1</P>
    </Branch>
    <Branch>
      <P Name="ZOrder">3</P>
      <P Name="Points">[0, 65]</P>
      <P Name="Dst">1050#in:2</P>
    </Branch>
  </Line>
  <Line>
    <P Name="Name">Xbd</P>
    <P Name="ZOrder">4</P>
    <P Name="Src">1050#out:1</P>
    <P Name="Points">[19, 0]</P>
    <Branch>
      <P Name="ZOrder">5</P>
      <P Name="Points">[0, 90]</P>
      <P Name="Dst">1047#in:1</P>
    </Branch>
    <Branch>
      <P Name="ZOrder">6</P>
      <P Name="Labels">[1, 1]</P>
      <P Name="Dst">1157#in:1</P>
    </Branch>
  </Line>
  <Line>
    <P Name="ZOrder">7</P>
    <P Name="Src">1051#out:1</P>
    <P Name="Dst">1156#in:1</P>
  </Line>
  <Line>
    <P Name="ZOrder">8</P>
    <P Name="Src">1051#out:3</P>
    <P Name="Dst">1050#in:1</P>
  </Line>
  <Line>
    <P Name="ZOrder">9</P>
    <P Name="Src">1051#out:2</P>
    <P Name="Dst">1155#in:1</P>
  </Line>
  <Line>
    <P Name="ZOrder">10</P>
    <P Name="Src">1047#out:2</P>
    <P Name="Dst">1048#in:1</P>
  </Line>
  <Line>
    <P Name="ZOrder">11</P>
    <P Name="Src">1047#out:1</P>
    <P Name="Points">[15, 0; 0, -20]</P>
    <P Name="Dst">1049#in:1</P>
  </Line>
  <Line>
    <P Name="ZOrder">12</P>
    <P Name="Src">1048#out:1</P>
    <P Name="Points">[23, 0; 0, -50]</P>
    <P Name="Dst">1154#in:1</P>
  </Line>
  <Line>
    <P Name="ZOrder">13</P>
    <P Name="Src">1049#out:1</P>
    <P Name="Points">[9, 0; 0, 20]</P>
    <P Name="Dst">1154#in:2</P>
  </Line>
  <Line>
    <P Name="ZOrder">14</P>
    <P Name="Src">1154#out:1</P>
    <P Name="Dst">1158#in:1</P>
  </Line>
</System>
