<?xml version="1.0" encoding="utf-8"?>
<System>
  <P Name="Location">[223, 338, 826, 833]</P>
  <P Name="SIDHighWatermark">35</P>
  <Block BlockType="Inport" Name="q" SID="1094::1">
    <P Name="Position">[20, 101, 40, 119]</P>
    <P Name="ZOrder">-1</P>
  </Block>
  <Block BlockType="Demux" Name=" Demux " SID="1094::26">
    <PortCounts in="1" out="1"/>
    <P Name="Position">[270, 230, 320, 270]</P>
    <P Name="ZOrder">17</P>
    <P Name="Outputs">1</P>
  </Block>
  <Block BlockType="S-Function" Name=" SFunction " SID="1094::25">
    <P Name="Tag">Stateflow S-Function 2</P>
    <PortCounts in="1" out="2"/>
    <P Name="Position">[180, 110, 230, 170]</P>
    <P Name="ZOrder">16</P>
    <P Name="FunctionName">sf_sfun</P>
    <P Name="PortCounts">[1 2]</P>
    <P Name="SFunctionDeploymentMode">off</P>
    <P Name="EnableBusSupport">on</P>
    <P Name="SFcnIsStateOwnerBlock">off</P>
    <PortProperties>
      <Port Type="out" Index="2">
        <P Name="Name">Xsd</P>
      </Port>
    </PortProperties>
  </Block>
  <Block BlockType="Terminator" Name=" Terminator " SID="1094::27">
    <P Name="Position">[460, 241, 480, 259]</P>
    <P Name="ZOrder">18</P>
  </Block>
  <Block BlockType="Outport" Name="Xsd" SID="1094::32">
    <P Name="Position">[460, 101, 480, 119]</P>
    <P Name="ZOrder">23</P>
  </Block>
  <Line>
    <P Name="ZOrder">1</P>
    <P Name="Src">1094::1#out:1</P>
    <P Name="Points">[65, 0; 0, 30]</P>
    <P Name="Dst">1094::25#in:1</P>
  </Line>
  <Line>
    <P Name="Name">Xsd</P>
    <P Name="ZOrder">2</P>
    <P Name="Labels">[0, 0]</P>
    <P Name="Src">1094::25#out:2</P>
    <P Name="Points">[120, 0; 0, -45]</P>
    <P Name="Dst">1094::32#in:1</P>
  </Line>
  <Line>
    <P Name="ZOrder">3</P>
    <P Name="Src">1094::26#out:1</P>
    <P Name="Dst">1094::27#in:1</P>
  </Line>
  <Line>
    <P Name="ZOrder">4</P>
    <P Name="Src">1094::25#out:1</P>
    <P Name="Points">[15, 0; 0, 125]</P>
    <P Name="Dst">1094::26#in:1</P>
  </Line>
</System>
