<?xml version="1.0" encoding="utf-8"?>
<System>
  <P Name="Location">[-1, -8, 1537, 825]</P>
  <Block BlockType="Inport" Name="v" SID="1160">
    <P Name="Position">[-90, 53, -60, 67]</P>
    <P Name="ZOrder">309</P>
  </Block>
  <Block BlockType="Inport" Name="w" SID="1161">
    <P Name="Position">[-90, 128, -60, 142]</P>
    <P Name="ZOrder">310</P>
    <P Name="Port">2</P>
  </Block>
  <Block BlockType="Saturate" Name="AngVelLimits" SID="1162">
    <P Name="Position">[0, 120, 30, 150]</P>
    <P Name="ZOrder">363</P>
    <P Name="UpperLimit">2.84</P>
    <P Name="LowerLimit">-2.84</P>
  </Block>
  <Block BlockType="Reference" Name="Differential Drive Kinematic Model" SID="1163">
    <PortCounts in="2" out="2"/>
    <P Name="Position">[155, 75, 305, 155]</P>
    <P Name="ZOrder">360</P>
    <P Name="LibraryVersion">8.0</P>
    <P Name="SourceBlock">robotmobilelib/Differential Drive Kinematic Model</P>
    <P Name="SourceType">Differential Drive Kinematic Model</P>
    <InstanceData>
      <P Name="RTWMemSecFuncInitTerm">Inherit from model</P>
      <P Name="RTWMemSecFuncExecute">Inherit from model</P>
      <P Name="RTWMemSecDataConstants">Inherit from model</P>
      <P Name="RTWMemSecDataInternal">Inherit from model</P>
      <P Name="RTWMemSecDataParameters">Inherit from model</P>
      <P Name="ContentPreviewEnabled">on</P>
      <P Name="VehicleInputs">Vehicle Speed &amp; Heading Angular Velocity</P>
      <P Name="WheelRadius">0.066</P>
      <P Name="WheelSpeedRange">[-inf inf]</P>
      <P Name="TrackWidth">0.16</P>
      <P Name="InitialState">InitialState</P>
      <P Name="SimulateUsing">Interpreted execution</P>
    </InstanceData>
  </Block>
  <Block BlockType="Saturate" Name="LinVelLimits" SID="1164">
    <P Name="Position">[0, 45, 30, 75]</P>
    <P Name="ZOrder">362</P>
    <P Name="UpperLimit">0.22</P>
    <P Name="LowerLimit">-0.22</P>
  </Block>
  <Block BlockType="Terminator" Name="Terminator" SID="1165">
    <P Name="Position">[345, 125, 365, 145]</P>
    <P Name="ZOrder">361</P>
  </Block>
  <Block BlockType="Outport" Name="qsb" SID="1166">
    <P Name="Position">[390, 88, 420, 102]</P>
    <P Name="ZOrder">344</P>
  </Block>
  <Line>
    <P Name="ZOrder">1</P>
    <P Name="Src">1163#out:1</P>
    <P Name="Dst">1166#in:1</P>
  </Line>
  <Line>
    <P Name="ZOrder">2</P>
    <P Name="Src">1160#out:1</P>
    <P Name="Dst">1164#in:1</P>
  </Line>
  <Line>
    <P Name="ZOrder">3</P>
    <P Name="Src">1161#out:1</P>
    <P Name="Dst">1162#in:1</P>
  </Line>
  <Line>
    <P Name="ZOrder">4</P>
    <P Name="Src">1163#out:2</P>
    <P Name="Dst">1165#in:1</P>
  </Line>
  <Line>
    <P Name="ZOrder">5</P>
    <P Name="Src">1164#out:1</P>
    <P Name="Points">[60, 0; 0, 35]</P>
    <P Name="Dst">1163#in:1</P>
  </Line>
  <Line>
    <P Name="ZOrder">6</P>
    <P Name="Src">1162#out:1</P>
    <P Name="Dst">1163#in:2</P>
  </Line>
</System>
