<?xml version="1.0" encoding="utf-8"?>
<System>
  <P Name="Location">[223, 338, 826, 833]</P>
  <P Name="SIDHighWatermark">36</P>
  <Block BlockType="Inport" Name="Xsd" SID="1050::33">
    <P Name="Position">[20, 101, 40, 119]</P>
    <P Name="ZOrder">24</P>
    <PortProperties>
      <Port Type="out" Index="1">
        <P Name="PropagatedSignals">Xsd</P>
      </Port>
    </PortProperties>
  </Block>
  <Block BlockType="Inport" Name="q" SID="1050::1">
    <P Name="Position">[20, 136, 40, 154]</P>
    <P Name="ZOrder">-1</P>
    <P Name="Port">2</P>
    <PortProperties>
      <Port Type="out" Index="1">
        <P Name="PropagatedSignals">qsb</P>
      </Port>
    </PortProperties>
  </Block>
  <Block BlockType="Demux" Name=" Demux " SID="1050::26">
    <PortCounts in="1" out="1"/>
    <P Name="Position">[270, 230, 320, 270]</P>
    <P Name="ZOrder">17</P>
    <P Name="Outputs">1</P>
  </Block>
  <Block BlockType="S-Function" Name=" SFunction " SID="1050::25">
    <P Name="Tag">Stateflow S-Function 4</P>
    <PortCounts in="2" out="2"/>
    <P Name="Position">[180, 110, 230, 170]</P>
    <P Name="ZOrder">16</P>
    <P Name="FunctionName">sf_sfun</P>
    <P Name="PortCounts">[2 2]</P>
    <P Name="SFunctionDeploymentMode">off</P>
    <P Name="EnableBusSupport">on</P>
    <P Name="SFcnIsStateOwnerBlock">off</P>
    <PortProperties>
      <Port Type="out" Index="2">
        <P Name="Name">Xbd</P>
      </Port>
    </PortProperties>
  </Block>
  <Block BlockType="Terminator" Name=" Terminator " SID="1050::27">
    <P Name="Position">[460, 241, 480, 259]</P>
    <P Name="ZOrder">18</P>
  </Block>
  <Block BlockType="Outport" Name="Xbd" SID="1050::34">
    <P Name="Position">[460, 101, 480, 119]</P>
    <P Name="ZOrder">25</P>
  </Block>
  <Line>
    <P Name="ZOrder">1</P>
    <P Name="Src">1050::33#out:1</P>
    <P Name="Points">[80, 0; 0, 15]</P>
    <P Name="Dst">1050::25#in:1</P>
  </Line>
  <Line>
    <P Name="ZOrder">2</P>
    <P Name="Src">1050::1#out:1</P>
    <P Name="Points">[39, 0; 0, 10]</P>
    <P Name="Dst">1050::25#in:2</P>
  </Line>
  <Line>
    <P Name="Name">Xbd</P>
    <P Name="ZOrder">3</P>
    <P Name="Labels">[0, 0]</P>
    <P Name="Src">1050::25#out:2</P>
    <P Name="Points">[120, 0; 0, -45]</P>
    <P Name="Dst">1050::34#in:1</P>
  </Line>
  <Line>
    <P Name="ZOrder">4</P>
    <P Name="Src">1050::26#out:1</P>
    <P Name="Dst">1050::27#in:1</P>
  </Line>
  <Line>
    <P Name="ZOrder">5</P>
    <P Name="Src">1050::25#out:1</P>
    <P Name="Points">[15, 0; 0, 125]</P>
    <P Name="Dst">1050::26#in:1</P>
  </Line>
</System>
